country,1950,1951,1952,1953,1954,1955,1956,1957,1958,1959,1960,1961,1962,1963,1964,1965,1966,1967,1968,1969,1970,1971,1972,1973,1974,1975,1976,1977,1978,1979,1980,1981,1982,1983,1984,1985,1986,1987,1988,1989,1990,1991,1992,1993,1994,1995,1996,1997,1998,1999,2000,2001,2002,2003,2004,2005,2006,2007,2008,2009,2010,2011,2012,2013,2014,2015,2016,2017,2018,2019,2020,2021,2022,2023,2024,2025,2026,2027,2028,2029,2030,2031,2032,2033,2034,2035,2036,2037,2038,2039,2040,2041,2042,2043,2044,2045,2046,2047,2048,2049,2050,2051,2052,2053,2054,2055,2056,2057,2058,2059,2060,2061,2062,2063,2064,2065,2066,2067,2068,2069,2070,2071,2072,2073,2074,2075,2076,2077,2078,2079,2080,2081,2082,2083,2084,2085,2086,2087,2088,2089,2090,2091,2092,2093,2094,2095,2096,2097,2098,2099,2100
Afghanistan,380000,,,,,394000,,,,,410000,,,,,435000,,,,,466000,,,,,511000,,,,,516000,,,,,430000,,,,,444000,,,,,640000,,,,,734000,,,,,908000,,,,,1110000,,,,,1350000,,,,,1630000,,,,,1960000,,,,,2370000,,,,,2900000,,,,,3600000,,,,,4470000,,,,,5470000,,,,,6700000,,,,,8300000,,,,,10200000,,,,,12100000,,,,,13800000,,,,,15300000,,,,,16500000,,,,,17600000,,,,,18600000,,,,,19300000
Albania,98900,,,,,102000,,,,,116000,,,,,128000,,,,,145000,,,,,166000,,,,,185000,,,,,207000,,,,,271000,,,,,297000,,,,,329000,,,,,379000,,,,,441000,,,,,521000,,,,,622000,,,,,718000,,,,,781000,,,,,825000,,,,,857000,,,,,892000,,,,,909000,,,,,936000,,,,,980000,,,,,972000,,,,,928000,,,,,895000,,,,,858000,,,,,822000,,,,,786000,,,,,747000,,,,,708000
Algeria,456000,,,,,498000,,,,,609000,,,,,684000,,,,,788000,,,,,866000,,,,,949000,,,,,1050000,,,,,1350000,,,,,1630000,,,,,2000000,,,,,2340000,,,,,2820000,,,,,3560000,,,,,4370000,,,,,5350000,,,,,6480000,,,,,7780000,,,,,9430000,,,,,11400000,,,,,13200000,,,,,14700000,,,,,15300000,,,,,15700000,,,,,16700000,,,,,18300000,,,,,19500000,,,,,20300000,,,,,20900000,,,,,21300000,,,,,21600000
Angola,204000,,,,,220000,,,,,238000,,,,,260000,,,,,286000,,,,,323000,,,,,372000,,,,,433000,,,,,507000,,,,,572000,,,,,635000,,,,,726000,,,,,842000,,,,,1090000,,,,,1360000,,,,,1680000,,,,,2050000,,,,,2520000,,,,,3110000,,,,,3800000,,,,,4640000,,,,,5610000,,,,,6780000,,,,,8260000,,,,,10100000,,,,,12200000,,,,,14500000,,,,,17000000,,,,,19800000,,,,,22800000,,,,,26000000
Antigua and Barbuda,2310,,,,,2480,,,,,3020,,,,,3380,,,,,3790,,,,,4650,,,,,5010,,,,,5070,,,,,7110,,,,,7370,,,,,7210,,,,,8310,,,,,8450,,,,,10100,,,,,12800,,,,,16500,,,,,21900,,,,,25600,,,,,27300,,,,,29400,,,,,31200,,,,,33100,,,,,35000,,,,,36800,,,,,38200,,,,,39600,,,,,40800,,,,,41800,,,,,42500,,,,,42900,,,,,43000
Argentina,1130000,,,,,1390000,,,,,1700000,,,,,2040000,,,,,2380000,,,,,2730000,,,,,3050000,,,,,3410000,,,,,4260000,,,,,4650000,,,,,5010000,,,,,5410000,,,,,5930000,,,,,6560000,,,,,7220000,,,,,7900000,,,,,8600000,,,,,9500000,,,,,10700000,,,,,11800000,,,,,13000000,,,,,14000000,,,,,15000000,,,,,15900000,,,,,16800000,,,,,17600000,,,,,18200000,,,,,18800000,,,,,19300000,,,,,19700000,,,,,20000000
Armenia,150000,,,,,142000,,,,,140000,,,,,156000,,,,,181000,,,,,206000,,,,,206000,,,,,231000,,,,,355000,,,,,404000,,,,,465000,,,,,429000,,,,,425000,,,,,462000,,,,,551000,,,,,626000,,,,,654000,,,,,671000,,,,,704000,,,,,769000,,,,,854000,,,,,899000,,,,,886000,,,,,862000,,,,,859000,,,,,861000,,,,,844000,,,,,813000,,,,,775000,,,,,740000,,,,,714000
Australia,923000,,,,,1040000,,,,,1140000,,,,,1240000,,,,,1370000,,,,,1570000,,,,,1750000,,,,,2020000,,,,,2620000,,,,,2850000,,,,,3140000,,,,,3530000,,,,,4190000,,,,,4850000,,,,,5550000,,,,,6300000,,,,,6950000,,,,,7610000,,,,,8110000,,,,,8750000,,,,,9400000,,,,,9970000,,,,,10400000,,,,,10800000,,,,,11400000,,,,,11900000,,,,,12500000,,,,,13100000,,,,,13600000,,,,,14100000,,,,,14600000
Austria,990000,,,,,1060000,,,,,1160000,,,,,1270000,,,,,1340000,,,,,1360000,,,,,1240000,,,,,1260000,,,,,1550000,,,,,1570000,,,,,1660000,,,,,1820000,,,,,1960000,,,,,2110000,,,,,2330000,,,,,2620000,,,,,2900000,,,,,3050000,,,,,3130000,,,,,3230000,,,,,3310000,,,,,3340000,,,,,3290000,,,,,3230000,,,,,3170000,,,,,3140000,,,,,3130000,,,,,3120000,,,,,3120000,,,,,3120000,,,,,3130000
Azerbaijan,267000,,,,,259000,,,,,283000,,,,,317000,,,,,346000,,,,,377000,,,,,366000,,,,,391000,,,,,575000,,,,,670000,,,,,754000,,,,,728000,,,,,733000,,,,,892000,,,,,1180000,,,,,1550000,,,,,1820000,,,,,2010000,,,,,2180000,,,,,2430000,,,,,2730000,,,,,2950000,,,,,2990000,,,,,2930000,,,,,2920000,,,,,3050000,,,,,3120000,,,,,3130000,,,,,3110000,,,,,3110000,,,,,3120000
Bahamas,4810,,,,,5040,,,,,5650,,,,,6700,,,,,8410,,,,,10100,,,,,11700,,,,,13100,,,,,16700,,,,,19800,,,,,24300,,,,,31100,,,,,37900,,,,,48700,,,,,61700,,,,,76800,,,,,89400,,,,,102000,,,,,110000,,,,,121000,,,,,131000,,,,,142000,,,,,149000,,,,,151000,,,,,155000,,,,,158000,,,,,161000,,,,,163000,,,,,164000,,,,,165000,,,,,165000
Bahrain,5020,,,,,5700,,,,,7230,,,,,4790,,,,,8210,,,,,9350,,,,,12600,,,,,15400,,,,,18400,,,,,21800,,,,,25500,,,,,30600,,,,,44000,,,,,56600,,,,,91000,,,,,133000,,,,,185000,,,,,247000,,,,,315000,,,,,362000,,,,,405000,,,,,464000,,,,,555000,,,,,648000,,,,,725000,,,,,797000,,,,,848000,,,,,867000,,,,,864000,,,,,853000,,,,,833000
Bangladesh,2070000,,,,,1980000,,,,,2150000,,,,,2530000,,,,,3000000,,,,,3550000,,,,,4010000,,,,,4450000,,,,,5450000,,,,,6460000,,,,,7940000,,,,,9440000,,,,,10500000,,,,,11400000,,,,,13400000,,,,,17100000,,,,,21700000,,,,,26400000,,,,,32100000,,,,,38300000,,,,,44500000,,,,,50300000,,,,,55900000,,,,,61000000,,,,,64600000,,,,,67300000,,,,,69100000,,,,,70000000,,,,,70000000,,,,,69300000,,,,,68100000
Barbados,16100,,,,,18500,,,,,20800,,,,,23700,,,,,26100,,,,,30600,,,,,31200,,,,,29300,,,,,35000,,,,,37000,,,,,40700,,,,,42400,,,,,48500,,,,,56300,,,,,65800,,,,,74600,,,,,80400,,,,,84900,,,,,86400,,,,,87400,,,,,86800,,,,,86400,,,,,85800,,,,,86000,,,,,86400,,,,,87000,,,,,87600,,,,,88000,,,,,88300,,,,,88500,,,,,88700
Belarus,874000,,,,,846000,,,,,848000,,,,,935000,,,,,1050000,,,,,1170000,,,,,1140000,,,,,1240000,,,,,1700000,,,,,1800000,,,,,1910000,,,,,1790000,,,,,1810000,,,,,1940000,,,,,2140000,,,,,2300000,,,,,2360000,,,,,2410000,,,,,2470000,,,,,2580000,,,,,2690000,,,,,2680000,,,,,2560000,,,,,2440000,,,,,2390000,,,,,2410000,,,,,2430000,,,,,2440000,,,,,2430000,,,,,2420000,,,,,2430000
Belgium,1250000,,,,,1320000,,,,,1430000,,,,,1550000,,,,,1640000,,,,,1670000,,,,,1560000,,,,,1640000,,,,,2060000,,,,,2180000,,,,,2260000,,,,,2330000,,,,,2540000,,,,,2710000,,,,,2970000,,,,,3250000,,,,,3500000,,,,,3700000,,,,,3850000,,,,,3970000,,,,,4050000,,,,,4110000,,,,,4120000,,,,,4130000,,,,,4190000,,,,,4260000,,,,,4340000,,,,,4410000,,,,,4480000,,,,,4550000,,,,,4620000
Belize,3870,,,,,4600,,,,,5510,,,,,6260,,,,,7260,,,,,8220,,,,,7910,,,,,8400,,,,,11400,,,,,12900,,,,,13700,,,,,13300,,,,,18300,,,,,21300,,,,,26400,,,,,33800,,,,,42500,,,,,52500,,,,,62700,,,,,75100,,,,,89700,,,,,106000,,,,,123000,,,,,139000,,,,,151000,,,,,162000,,,,,174000,,,,,184000,,,,,193000,,,,,201000,,,,,207000
Benin,232000,,,,,193000,,,,,185000,,,,,187000,,,,,202000,,,,,214000,,,,,224000,,,,,234000,,,,,276000,,,,,307000,,,,,342000,,,,,396000,,,,,452000,,,,,524000,,,,,616000,,,,,735000,,,,,881000,,,,,1050000,,,,,1250000,,,,,1490000,,,,,1780000,,,,,2120000,,,,,2520000,,,,,2960000,,,,,3460000,,,,,4000000,,,,,4570000,,,,,5170000,,,,,5790000,,,,,6430000,,,,,7080000
Bhutan,7290,,,,,7830,,,,,8630,,,,,9700,,,,,11200,,,,,13300,,,,,15900,,,,,19100,,,,,24900,,,,,26200,,,,,31200,,,,,37400,,,,,45200,,,,,53900,,,,,67000,,,,,81500,,,,,103000,,,,,126000,,,,,156000,,,,,195000,,,,,235000,,,,,268000,,,,,292000,,,,,307000,,,,,319000,,,,,325000,,,,,329000,,,,,330000,,,,,328000,,,,,323000,,,,,318000
Bolivia,243000,,,,,239000,,,,,237000,,,,,242000,,,,,256000,,,,,279000,,,,,309000,,,,,357000,,,,,458000,,,,,528000,,,,,601000,,,,,709000,,,,,828000,,,,,988000,,,,,1150000,,,,,1310000,,,,,1500000,,,,,1730000,,,,,2020000,,,,,2350000,,,,,2700000,,,,,3080000,,,,,3480000,,,,,3860000,,,,,4210000,,,,,4510000,,,,,4810000,,,,,5080000,,,,,5330000,,,,,5540000,,,,,5720000
Bosnia and Herzegovina,148000,,,,,148000,,,,,181000,,,,,227000,,,,,268000,,,,,294000,,,,,292000,,,,,329000,,,,,492000,,,,,555000,,,,,633000,,,,,658000,,,,,716000,,,,,791000,,,,,872000,,,,,957000,,,,,998000,,,,,1040000,,,,,1060000,,,,,1080000,,,,,1100000,,,,,1120000,,,,,1130000,,,,,1090000,,,,,1050000,,,,,1010000,,,,,967000,,,,,935000,,,,,907000,,,,,880000,,,,,855000
Botswana,27100,,,,,28600,,,,,28000,,,,,29300,,,,,29700,,,,,30800,,,,,36000,,,,,44300,,,,,56300,,,,,68300,,,,,81200,,,,,93500,,,,,108000,,,,,134000,,,,,165000,,,,,199000,,,,,240000,,,,,295000,,,,,377000,,,,,482000,,,,,579000,,,,,665000,,,,,735000,,,,,792000,,,,,849000,,,,,917000,,,,,978000,,,,,1030000,,,,,1070000,,,,,1100000,,,,,1130000
Brazil,2470000,,,,,2920000,,,,,3520000,,,,,4110000,,,,,4860000,,,,,5710000,,,,,6500000,,,,,7530000,,,,,9590000,,,,,11100000,,,,,13500000,,,,,16200000,,,,,19700000,,,,,24400000,,,,,29800000,,,,,36200000,,,,,42500000,,,,,48600000,,,,,55500000,,,,,62800000,,,,,68900000,,,,,73800000,,,,,78100000,,,,,80800000,,,,,81700000,,,,,81900000,,,,,81300000,,,,,80100000,,,,,78600000,,,,,76800000,,,,,75100000
Brunei,3290,,,,,4100,,,,,4700,,,,,5500,,,,,6700,,,,,8300,,,,,7450,,,,,8900,,,,,10400,,,,,12500,,,,,12900,,,,,17600,,,,,20900,,,,,29600,,,,,42600,,,,,58400,,,,,77400,,,,,97700,,,,,118000,,,,,138000,,,,,154000,,,,,165000,,,,,173000,,,,,178000,,,,,179000,,,,,181000,,,,,182000,,,,,183000,,,,,183000,,,,,182000,,,,,181000
Bulgaria,687000,,,,,728000,,,,,816000,,,,,958000,,,,,1130000,,,,,1270000,,,,,1250000,,,,,1400000,,,,,1700000,,,,,1790000,,,,,1770000,,,,,1770000,,,,,1870000,,,,,1940000,,,,,1960000,,,,,1960000,,,,,1940000,,,,,1970000,,,,,1990000,,,,,1980000,,,,,1980000,,,,,1900000,,,,,1760000,,,,,1630000,,,,,1560000,,,,,1500000,,,,,1460000,,,,,1430000,,,,,1400000,,,,,1370000,,,,,1350000
Burkina Faso,157000,,,,,180000,,,,,205000,,,,,235000,,,,,271000,,,,,311000,,,,,351000,,,,,395000,,,,,449000,,,,,473000,,,,,502000,,,,,548000,,,,,609000,,,,,695000,,,,,821000,,,,,991000,,,,,1220000,,,,,1490000,,,,,1860000,,,,,2300000,,,,,2800000,,,,,3390000,,,,,4100000,,,,,4960000,,,,,6000000,,,,,7160000,,,,,8410000,,,,,9740000,,,,,11200000,,,,,12600000,,,,,14200000
Burundi,114000,,,,,118000,,,,,130000,,,,,144000,,,,,161000,,,,,181000,,,,,197000,,,,,217000,,,,,259000,,,,,274000,,,,,289000,,,,,313000,,,,,351000,,,,,430000,,,,,548000,,,,,664000,,,,,781000,,,,,879000,,,,,1040000,,,,,1310000,,,,,1670000,,,,,2070000,,,,,2450000,,,,,2860000,,,,,3420000,,,,,4120000,,,,,4920000,,,,,5760000,,,,,6610000,,,,,7520000,,,,,8520000
Cambodia,191000,,,,,207000,,,,,229000,,,,,259000,,,,,284000,,,,,312000,,,,,298000,,,,,348000,,,,,429000,,,,,524000,,,,,598000,,,,,706000,,,,,841000,,,,,1050000,,,,,1260000,,,,,1600000,,,,,1920000,,,,,2240000,,,,,2330000,,,,,3260000,,,,,3730000,,,,,4410000,,,,,4920000,,,,,5260000,,,,,5660000,,,,,6070000,,,,,6450000,,,,,6740000,,,,,6980000,,,,,7190000,,,,,7380000
Cameroon,236000,,,,,260000,,,,,289000,,,,,324000,,,,,364000,,,,,412000,,,,,467000,,,,,529000,,,,,645000,,,,,719000,,,,,791000,,,,,872000,,,,,971000,,,,,1090000,,,,,1240000,,,,,1430000,,,,,1690000,,,,,2050000,,,,,2530000,,,,,3190000,,,,,3970000,,,,,4840000,,,,,5800000,,,,,6940000,,,,,8290000,,,,,9800000,,,,,11400000,,,,,13000000,,,,,14700000,,,,,16400000,,,,,18100000
Canada,1410000,,,,,1570000,,,,,1720000,,,,,1880000,,,,,2140000,,,,,2480000,,,,,2830000,,,,,3260000,,,,,4300000,,,,,4720000,,,,,5120000,,,,,5770000,,,,,6820000,,,,,8050000,,,,,9470000,,,,,10900000,,,,,11800000,,,,,12600000,,,,,13200000,,,,,13800000,,,,,14400000,,,,,15000000,,,,,15400000,,,,,15700000,,,,,16200000,,,,,16600000,,,,,17100000,,,,,17500000,,,,,17900000,,,,,18200000,,,,,18600000
Cape Verde,16700,,,,,13900,,,,,13600,,,,,14100,,,,,17500,,,,,18700,,,,,18200,,,,,17900,,,,,23200,,,,,26900,,,,,32000,,,,,34200,,,,,33400,,,,,35800,,,,,41600,,,,,53200,,,,,64600,,,,,75600,,,,,89300,,,,,109000,,,,,134000,,,,,159000,,,,,182000,,,,,200000,,,,,215000,,,,,226000,,,,,236000,,,,,243000,,,,,248000,,,,,251000,,,,,252000
Central African Republic,99200,,,,,95900,,,,,99000,,,,,104000,,,,,113000,,,,,124000,,,,,136000,,,,,153000,,,,,184000,,,,,204000,,,,,221000,,,,,234000,,,,,243000,,,,,249000,,,,,268000,,,,,294000,,,,,327000,,,,,373000,,,,,435000,,,,,518000,,,,,620000,,,,,759000,,,,,957000,,,,,1200000,,,,,1460000,,,,,1720000,,,,,1970000,,,,,2230000,,,,,2520000,,,,,2810000,,,,,3080000
Chad,164000,,,,,166000,,,,,178000,,,,,191000,,,,,205000,,,,,223000,,,,,235000,,,,,254000,,,,,301000,,,,,332000,,,,,371000,,,,,421000,,,,,471000,,,,,556000,,,,,647000,,,,,745000,,,,,860000,,,,,1020000,,,,,1240000,,,,,1520000,,,,,1870000,,,,,2330000,,,,,2880000,,,,,3540000,,,,,4290000,,,,,5120000,,,,,6030000,,,,,7000000,,,,,8000000,,,,,9030000,,,,,10100000
Chile,394000,,,,,463000,,,,,530000,,,,,601000,,,,,675000,,,,,743000,,,,,823000,,,,,922000,,,,,1210000,,,,,1400000,,,,,1610000,,,,,1900000,,,,,2240000,,,,,2690000,,,,,3220000,,,,,3800000,,,,,4400000,,,,,4930000,,,,,5380000,,,,,5840000,,,,,6340000,,,,,6750000,,,,,7040000,,,,,7220000,,,,,7360000,,,,,7430000,,,,,7450000,,,,,7430000,,,,,7390000,,,,,7330000,,,,,7270000
China,39600000,,,,,40300000,,,,,39600000,,,,,41500000,,,,,49100000,,,,,58900000,,,,,70700000,,,,,80800000,,,,,99900000,,,,,115000000,,,,,130000000,,,,,146000000,,,,,171000000,,,,,215000000,,,,,250000000,,,,,300000000,,,,,362000000,,,,,409000000,,,,,427000000,,,,,443000000,,,,,479000000,,,,,484000000,,,,,468000000,,,,,451000000,,,,,439000000,,,,,433000000,,,,,425000000,,,,,413000000,,,,,402000000,,,,,392000000,,,,,385000000
Colombia,605000,,,,,669000,,,,,782000,,,,,919000,,,,,1080000,,,,,1250000,,,,,1420000,,,,,1640000,,,,,2100000,,,,,2410000,,,,,2800000,,,,,3310000,,,,,4120000,,,,,5230000,,,,,6530000,,,,,8070000,,,,,9690000,,,,,11000000,,,,,12400000,,,,,13800000,,,,,15000000,,,,,16100000,,,,,16900000,,,,,17500000,,,,,17900000,,,,,18100000,,,,,18100000,,,,,17900000,,,,,17600000,,,,,17200000,,,,,16900000
Comoros,8910,,,,,9050,,,,,9220,,,,,9790,,,,,11100,,,,,12800,,,,,15300,,,,,17100,,,,,20300,,,,,22900,,,,,25600,,,,,28300,,,,,31000,,,,,36700,,,,,44500,,,,,53900,,,,,64400,,,,,76500,,,,,91300,,,,,111000,,,,,133000,,,,,155000,,,,,178000,,,,,203000,,,,,231000,,,,,262000,,,,,294000,,,,,324000,,,,,353000,,,,,382000,,,,,411000
"Congo, Dem. Rep.",594000,,,,,613000,,,,,673000,,,,,761000,,,,,877000,,,,,1010000,,,,,1170000,,,,,1330000,,,,,1640000,,,,,1980000,,,,,2230000,,,,,2590000,,,,,3050000,,,,,3550000,,,,,4190000,,,,,4980000,,,,,5970000,,,,,7180000,,,,,8660000,,,,,10500000,,,,,12700000,,,,,15400000,,,,,18600000,,,,,22800000,,,,,28000000,,,,,34200000,,,,,41200000,,,,,48700000,,,,,56700000,,,,,65200000,,,,,74000000
"Congo, Rep.",43700,,,,,49200,,,,,57500,,,,,66600,,,,,76700,,,,,87800,,,,,99400,,,,,113000,,,,,139000,,,,,157000,,,,,174000,,,,,193000,,,,,220000,,,,,254000,,,,,302000,,,,,368000,,,,,457000,,,,,573000,,,,,713000,,,,,859000,,,,,999000,,,,,1150000,,,,,1340000,,,,,1590000,,,,,1920000,,,,,2290000,,,,,2660000,,,,,3050000,,,,,3470000,,,,,3930000,,,,,4410000
Costa Rica,43600,,,,,50600,,,,,60100,,,,,73600,,,,,90900,,,,,112000,,,,,133000,,,,,160000,,,,,219000,,,,,267000,,,,,327000,,,,,401000,,,,,502000,,,,,613000,,,,,765000,,,,,943000,,,,,1110000,,,,,1250000,,,,,1410000,,,,,1590000,,,,,1760000,,,,,1900000,,,,,2020000,,,,,2080000,,,,,2120000,,,,,2140000,,,,,2140000,,,,,2120000,,,,,2080000,,,,,2050000,,,,,2010000
Cote d'Ivoire,101000,,,,,119000,,,,,141000,,,,,171000,,,,,206000,,,,,257000,,,,,322000,,,,,406000,,,,,540000,,,,,663000,,,,,764000,,,,,843000,,,,,951000,,,,,1100000,,,,,1260000,,,,,1450000,,,,,1660000,,,,,1940000,,,,,2300000,,,,,2730000,,,,,3240000,,,,,3900000,,,,,4700000,,,,,5550000,,,,,6460000,,,,,7520000,,,,,8700000,,,,,9990000,,,,,11400000,,,,,12800000,,,,,14300000
Croatia,391000,,,,,381000,,,,,430000,,,,,510000,,,,,601000,,,,,648000,,,,,617000,,,,,653000,,,,,833000,,,,,927000,,,,,964000,,,,,960000,,,,,1030000,,,,,1090000,,,,,1150000,,,,,1200000,,,,,1220000,,,,,1240000,,,,,1260000,,,,,1280000,,,,,1280000,,,,,1260000,,,,,1240000,,,,,1190000,,,,,1170000,,,,,1140000,,,,,1100000,,,,,1070000,,,,,1030000,,,,,1000000,,,,,979000
Cuba,375000,,,,,411000,,,,,480000,,,,,600000,,,,,724000,,,,,856000,,,,,952000,,,,,1010000,,,,,1280000,,,,,1380000,,,,,1540000,,,,,1710000,,,,,1930000,,,,,2220000,,,,,2490000,,,,,3030000,,,,,3550000,,,,,3960000,,,,,4020000,,,,,4040000,,,,,4140000,,,,,4100000,,,,,4000000,,,,,3830000,,,,,3660000,,,,,3570000,,,,,3500000,,,,,3440000,,,,,3360000,,,,,3280000,,,,,3220000
Cyprus,41900,,,,,48300,,,,,50600,,,,,54100,,,,,75200,,,,,76600,,,,,78000,,,,,81800,,,,,104000,,,,,119000,,,,,133000,,,,,153000,,,,,179000,,,,,206000,,,,,239000,,,,,274000,,,,,309000,,,,,342000,,,,,380000,,,,,417000,,,,,452000,,,,,482000,,,,,505000,,,,,522000,,,,,531000,,,,,536000,,,,,535000,,,,,530000,,,,,524000,,,,,518000,,,,,515000
Czech Republic,1030000,,,,,1120000,,,,,1280000,,,,,1480000,,,,,1640000,,,,,1740000,,,,,1530000,,,,,1590000,,,,,1850000,,,,,1870000,,,,,1870000,,,,,2030000,,,,,2360000,,,,,2640000,,,,,2790000,,,,,2910000,,,,,3030000,,,,,3260000,,,,,3530000,,,,,3630000,,,,,3690000,,,,,3680000,,,,,3510000,,,,,3350000,,,,,3280000,,,,,3220000,,,,,3190000,,,,,3180000,,,,,3160000,,,,,3150000,,,,,3160000
Denmark,515000,,,,,571000,,,,,635000,,,,,698000,,,,,768000,,,,,827000,,,,,854000,,,,,873000,,,,,1050000,,,,,1040000,,,,,1060000,,,,,1150000,,,,,1290000,,,,,1410000,,,,,1520000,,,,,1640000,,,,,1770000,,,,,1840000,,,,,1870000,,,,,1860000,,,,,1890000,,,,,1970000,,,,,2030000,,,,,2080000,,,,,2140000,,,,,2170000,,,,,2200000,,,,,2250000,,,,,2300000,,,,,2350000,,,,,2390000
Djibouti,2060,,,,,2500,,,,,3140,,,,,4370,,,,,6100,,,,,8610,,,,,13200,,,,,16400,,,,,24700,,,,,28200,,,,,34200,,,,,40800,,,,,49100,,,,,57200,,,,,69300,,,,,85500,,,,,103000,,,,,122000,,,,,146000,,,,,170000,,,,,203000,,,,,233000,,,,,259000,,,,,280000,,,,,293000,,,,,305000,,,,,314000,,,,,323000,,,,,331000,,,,,337000,,,,,340000
Dominican Republic,97400,,,,,110000,,,,,128000,,,,,151000,,,,,180000,,,,,217000,,,,,264000,,,,,323000,,,,,436000,,,,,538000,,,,,643000,,,,,738000,,,,,859000,,,,,1020000,,,,,1230000,,,,,1470000,,,,,1730000,,,,,1980000,,,,,2250000,,,,,2530000,,,,,2810000,,,,,3100000,,,,,3350000,,,,,3600000,,,,,3840000,,,,,4050000,,,,,4220000,,,,,4340000,,,,,4430000,,,,,4470000,,,,,4470000
Ecuador,262000,,,,,276000,,,,,293000,,,,,319000,,,,,348000,,,,,389000,,,,,432000,,,,,489000,,,,,640000,,,,,761000,,,,,913000,,,,,1100000,,,,,1300000,,,,,1600000,,,,,1960000,,,,,2370000,,,,,2830000,,,,,3340000,,,,,3860000,,,,,4410000,,,,,5000000,,,,,5580000,,,,,6150000,,,,,6640000,,,,,7120000,,,,,7560000,,,,,7950000,,,,,8260000,,,,,8520000,,,,,8720000,,,,,8860000
Egypt,1050000,,,,,1320000,,,,,1590000,,,,,1860000,,,,,2140000,,,,,2430000,,,,,2750000,,,,,3170000,,,,,4020000,,,,,4570000,,,,,5030000,,,,,5420000,,,,,6340000,,,,,7230000,,,,,8490000,,,,,10000000,,,,,11800000,,,,,13900000,,,,,16700000,,,,,20100000,,,,,23700000,,,,,26400000,,,,,28400000,,,,,30700000,,,,,33300000,,,,,37900000,,,,,42000000,,,,,45400000,,,,,48500000,,,,,51700000,,,,,55100000
El Salvador,124000,,,,,124000,,,,,134000,,,,,152000,,,,,171000,,,,,196000,,,,,228000,,,,,268000,,,,,344000,,,,,410000,,,,,482000,,,,,550000,,,,,618000,,,,,703000,,,,,793000,,,,,898000,,,,,1010000,,,,,1140000,,,,,1270000,,,,,1390000,,,,,1550000,,,,,1760000,,,,,1980000,,,,,2110000,,,,,2200000,,,,,2260000,,,,,2310000,,,,,2320000,,,,,2300000,,,,,2240000,,,,,2180000
Equatorial Guinea,18900,,,,,18700,,,,,18800,,,,,19100,,,,,20000,,,,,16600,,,,,16000,,,,,22000,,,,,27400,,,,,31200,,,,,35100,,,,,39900,,,,,45400,,,,,53600,,,,,59500,,,,,65700,,,,,78400,,,,,90000,,,,,104000,,,,,132000,,,,,189000,,,,,266000,,,,,356000,,,,,442000,,,,,532000,,,,,620000,,,,,709000,,,,,801000,,,,,896000,,,,,991000,,,,,1090000
Eritrea,55900,,,,,56100,,,,,58700,,,,,64000,,,,,71900,,,,,83000,,,,,97300,,,,,115000,,,,,143000,,,,,158000,,,,,184000,,,,,216000,,,,,243000,,,,,258000,,,,,283000,,,,,312000,,,,,349000,,,,,409000,,,,,525000,,,,,708000,,,,,916000,,,,,1100000,,,,,1280000,,,,,1540000,,,,,1840000,,,,,2150000,,,,,2440000,,,,,2730000,,,,,3020000,,,,,3320000,,,,,3620000
Estonia,143000,,,,,149000,,,,,167000,,,,,186000,,,,,203000,,,,,216000,,,,,204000,,,,,210000,,,,,270000,,,,,275000,,,,,295000,,,,,297000,,,,,310000,,,,,330000,,,,,349000,,,,,364000,,,,,371000,,,,,384000,,,,,393000,,,,,404000,,,,,419000,,,,,412000,,,,,388000,,,,,371000,,,,,367000,,,,,359000,,,,,352000,,,,,346000,,,,,338000,,,,,332000,,,,,329000
Ethiopia,833000,,,,,850000,,,,,899000,,,,,1050000,,,,,1220000,,,,,1420000,,,,,1680000,,,,,1870000,,,,,2350000,,,,,2840000,,,,,3190000,,,,,3720000,,,,,4480000,,,,,5220000,,,,,6100000,,,,,7070000,,,,,8410000,,,,,10200000,,,,,12300000,,,,,15300000,,,,,18900000,,,,,23600000,,,,,29400000,,,,,35500000,,,,,41200000,,,,,47000000,,,,,52700000,,,,,58100000,,,,,63000000,,,,,67400000,,,,,71300000
Fiji,11700,,,,,10900,,,,,12700,,,,,15000,,,,,18500,,,,,23100,,,,,26500,,,,,30000,,,,,34600,,,,,38600,,,,,46000,,,,,56700,,,,,68000,,,,,82600,,,,,102000,,,,,122000,,,,,135000,,,,,146000,,,,,160000,,,,,177000,,,,,189000,,,,,201000,,,,,208000,,,,,217000,,,,,231000,,,,,244000,,,,,252000,,,,,258000,,,,,263000,,,,,267000,,,,,269000
Finland,377000,,,,,406000,,,,,460000,,,,,523000,,,,,602000,,,,,671000,,,,,700000,,,,,746000,,,,,926000,,,,,974000,,,,,1040000,,,,,1130000,,,,,1330000,,,,,1480000,,,,,1600000,,,,,1710000,,,,,1780000,,,,,1790000,,,,,1810000,,,,,1840000,,,,,1860000,,,,,1910000,,,,,1940000,,,,,1960000,,,,,2010000,,,,,2050000,,,,,2090000,,,,,2130000,,,,,2160000,,,,,2190000,,,,,2230000
France,6150000,,,,,6290000,,,,,6750000,,,,,7520000,,,,,8020000,,,,,8400000,,,,,7630000,,,,,8310000,,,,,10900000,,,,,11700000,,,,,12300000,,,,,12800000,,,,,14600000,,,,,16100000,,,,,17600000,,,,,19000000,,,,,20400000,,,,,21500000,,,,,22000000,,,,,22500000,,,,,22700000,,,,,22800000,,,,,23000000,,,,,23400000,,,,,23900000,,,,,24400000,,,,,24900000,,,,,25300000,,,,,25800000,,,,,26300000,,,,,26800000
Gabon,49300,,,,,49200,,,,,49900,,,,,51100,,,,,53600,,,,,57000,,,,,62300,,,,,68700,,,,,85500,,,,,95100,,,,,103000,,,,,108000,,,,,115000,,,,,124000,,,,,137000,,,,,161000,,,,,198000,,,,,249000,,,,,313000,,,,,387000,,,,,464000,,,,,534000,,,,,597000,,,,,659000,,,,,738000,,,,,839000,,,,,942000,,,,,1030000,,,,,1120000,,,,,1200000,,,,,1270000
Gambia,12600,,,,,13000,,,,,14800,,,,,17400,,,,,20900,,,,,25000,,,,,29200,,,,,32600,,,,,38300,,,,,44500,,,,,50000,,,,,57500,,,,,62900,,,,,74300,,,,,89800,,,,,110000,,,,,135000,,,,,161000,,,,,199000,,,,,244000,,,,,292000,,,,,350000,,,,,422000,,,,,510000,,,,,611000,,,,,726000,,,,,845000,,,,,967000,,,,,1090000,,,,,1210000,,,,,1320000
Georgia,476000,,,,,446000,,,,,422000,,,,,438000,,,,,477000,,,,,538000,,,,,554000,,,,,587000,,,,,813000,,,,,811000,,,,,862000,,,,,815000,,,,,794000,,,,,801000,,,,,847000,,,,,903000,,,,,926000,,,,,949000,,,,,969000,,,,,980000,,,,,998000,,,,,1000000,,,,,970000,,,,,921000,,,,,909000,,,,,926000,,,,,929000,,,,,919000,,,,,903000,,,,,890000,,,,,881000
Germany,9460000,,,,,10300000,,,,,11500000,,,,,12900000,,,,,14000000,,,,,14500000,,,,,13100000,,,,,13000000,,,,,16100000,,,,,17000000,,,,,19000000,,,,,20300000,,,,,21100000,,,,,22300000,,,,,24100000,,,,,26500000,,,,,28500000,,,,,29000000,,,,,29100000,,,,,29400000,,,,,29800000,,,,,29600000,,,,,29200000,,,,,28600000,,,,,28100000,,,,,27800000,,,,,27600000,,,,,27500000,,,,,27500000,,,,,27500000,,,,,27500000
Ghana,196000,,,,,221000,,,,,262000,,,,,308000,,,,,347000,,,,,402000,,,,,448000,,,,,536000,,,,,662000,,,,,796000,,,,,911000,,,,,1120000,,,,,1320000,,,,,1450000,,,,,1680000,,,,,2010000,,,,,2440000,,,,,2950000,,,,,3560000,,,,,4270000,,,,,5010000,,,,,5810000,,,,,6670000,,,,,7540000,,,,,8570000,,,,,9770000,,,,,11000000,,,,,12100000,,,,,13200000,,,,,14300000,,,,,15400000
Greece,672000,,,,,724000,,,,,800000,,,,,914000,,,,,1190000,,,,,1320000,,,,,1410000,,,,,1470000,,,,,1970000,,,,,2240000,,,,,2450000,,,,,2540000,,,,,2740000,,,,,2880000,,,,,3090000,,,,,3300000,,,,,3580000,,,,,3840000,,,,,4080000,,,,,4210000,,,,,4150000,,,,,4030000,,,,,3890000,,,,,3740000,,,,,3650000,,,,,3520000,,,,,3390000,,,,,3260000,,,,,3160000,,,,,3080000,,,,,3020000
Grenada,5060,,,,,5380,,,,,6170,,,,,6450,,,,,6800,,,,,7440,,,,,7680,,,,,7170,,,,,10800,,,,,10200,,,,,10500,,,,,10200,,,,,10100,,,,,10900,,,,,12400,,,,,14900,,,,,16000,,,,,17400,,,,,19500,,,,,23000,,,,,27500,,,,,30000,,,,,31200,,,,,31200,,,,,31400,,,,,31800,,,,,31900,,,,,31400,,,,,30400,,,,,29200,,,,,28000
Guatemala,124000,,,,,145000,,,,,172000,,,,,204000,,,,,234000,,,,,272000,,,,,315000,,,,,379000,,,,,499000,,,,,587000,,,,,676000,,,,,772000,,,,,888000,,,,,1080000,,,,,1290000,,,,,1530000,,,,,1820000,,,,,2210000,,,,,2740000,,,,,3390000,,,,,4110000,,,,,4970000,,,,,5890000,,,,,6820000,,,,,7600000,,,,,8320000,,,,,8990000,,,,,9580000,,,,,10100000,,,,,10500000,,,,,10800000
Guinea,231000,,,,,203000,,,,,194000,,,,,200000,,,,,217000,,,,,228000,,,,,239000,,,,,271000,,,,,338000,,,,,438000,,,,,473000,,,,,493000,,,,,530000,,,,,615000,,,,,722000,,,,,844000,,,,,980000,,,,,1150000,,,,,1380000,,,,,1670000,,,,,2050000,,,,,2500000,,,,,3040000,,,,,3670000,,,,,4390000,,,,,5170000,,,,,6010000,,,,,6910000,,,,,7850000,,,,,8810000,,,,,9790000
Guinea-Bissau,28400,,,,,27800,,,,,29900,,,,,32100,,,,,38600,,,,,46200,,,,,43400,,,,,45800,,,,,50600,,,,,53200,,,,,56400,,,,,62700,,,,,71200,,,,,86600,,,,,99400,,,,,114000,,,,,131000,,,,,157000,,,,,191000,,,,,238000,,,,,293000,,,,,353000,,,,,412000,,,,,475000,,,,,550000,,,,,637000,,,,,729000,,,,,821000,,,,,912000,,,,,1000000,,,,,1100000
Guyana,23000,,,,,25600,,,,,28100,,,,,31800,,,,,34500,,,,,36700,,,,,38800,,,,,35300,,,,,42800,,,,,43600,,,,,45000,,,,,44900,,,,,53900,,,,,62300,,,,,74900,,,,,88600,,,,,102000,,,,,115000,,,,,125000,,,,,129000,,,,,126000,,,,,142000,,,,,159000,,,,,170000,,,,,174000,,,,,177000,,,,,179000,,,,,180000,,,,,179000,,,,,177000,,,,,174000
Haiti,163000,,,,,169000,,,,,193000,,,,,230000,,,,,269000,,,,,305000,,,,,338000,,,,,366000,,,,,432000,,,,,478000,,,,,535000,,,,,595000,,,,,650000,,,,,755000,,,,,871000,,,,,1010000,,,,,1160000,,,,,1310000,,,,,1520000,,,,,1830000,,,,,2140000,,,,,2420000,,,,,2670000,,,,,2870000,,,,,3050000,,,,,3190000,,,,,3320000,,,,,3420000,,,,,3490000,,,,,3550000,,,,,3580000
Honduras,83100,,,,,87400,,,,,98600,,,,,111000,,,,,125000,,,,,144000,,,,,160000,,,,,189000,,,,,249000,,,,,297000,,,,,348000,,,,,404000,,,,,479000,,,,,592000,,,,,732000,,,,,902000,,,,,1120000,,,,,1370000,,,,,1690000,,,,,2050000,,,,,2450000,,,,,2880000,,,,,3310000,,,,,3710000,,,,,4030000,,,,,4260000,,,,,4450000,,,,,4610000,,,,,4720000,,,,,4780000,,,,,4810000
Hungary,1020000,,,,,1120000,,,,,1280000,,,,,1460000,,,,,1620000,,,,,1780000,,,,,1610000,,,,,1700000,,,,,1980000,,,,,2030000,,,,,2070000,,,,,2160000,,,,,2190000,,,,,2450000,,,,,2580000,,,,,2570000,,,,,2610000,,,,,2740000,,,,,2890000,,,,,2890000,,,,,2880000,,,,,2900000,,,,,2820000,,,,,2730000,,,,,2650000,,,,,2560000,,,,,2490000,,,,,2440000,,,,,2400000,,,,,2360000,,,,,2330000
Iceland,13300,,,,,15600,,,,,17900,,,,,20300,,,,,22100,,,,,23700,,,,,25700,,,,,28100,,,,,37300,,,,,40300,,,,,42200,,,,,46700,,,,,54000,,,,,63100,,,,,74000,,,,,84400,,,,,93000,,,,,101000,,,,,107000,,,,,114000,,,,,119000,,,,,126000,,,,,130000,,,,,133000,,,,,137000,,,,,141000,,,,,143000,,,,,145000,,,,,146000,,,,,147000,,,,,147000
India,18900000,,,,,19600000,,,,,22300000,,,,,25100000,,,,,28800000,,,,,33200000,,,,,38100000,,,,,43500000,,,,,53400000,,,,,62100000,,,,,72600000,,,,,83200000,,,,,96100000,,,,,117000000,,,,,139000000,,,,,164000000,,,,,189000000,,,,,217000000,,,,,246000000,,,,,281000000,,,,,317000000,,,,,351000000,,,,,382000000,,,,,412000000,,,,,436000000,,,,,451000000,,,,,463000000,,,,,473000000,,,,,482000000,,,,,487000000,,,,,489000000
Indonesia,4090000,,,,,4320000,,,,,4560000,,,,,5070000,,,,,5900000,,,,,6860000,,,,,7730000,,,,,8780000,,,,,11100000,,,,,13100000,,,,,15600000,,,,,16700000,,,,,17800000,,,,,21000000,,,,,25900000,,,,,31700000,,,,,38200000,,,,,44900000,,,,,51000000,,,,,57000000,,,,,61700000,,,,,65800000,,,,,69500000,,,,,73500000,,,,,77100000,,,,,81000000,,,,,84100000,,,,,86400000,,,,,88200000,,,,,89700000,,,,,90900000
Iran,1310000,,,,,1250000,,,,,1240000,,,,,1300000,,,,,1400000,,,,,1530000,,,,,1750000,,,,,2280000,,,,,3020000,,,,,3550000,,,,,4110000,,,,,4810000,,,,,5320000,,,,,6490000,,,,,8250000,,,,,10400000,,,,,12900000,,,,,15600000,,,,,19500000,,,,,25000000,,,,,30100000,,,,,32500000,,,,,32800000,,,,,32400000,,,,,32500000,,,,,32800000,,,,,32400000,,,,,31400000,,,,,30200000,,,,,29100000,,,,,28400000
Iraq,240000,,,,,303000,,,,,395000,,,,,509000,,,,,624000,,,,,713000,,,,,785000,,,,,832000,,,,,969000,,,,,1080000,,,,,1220000,,,,,1370000,,,,,1460000,,,,,1810000,,,,,2070000,,,,,2460000,,,,,3170000,,,,,4070000,,,,,5100000,,,,,6220000,,,,,7450000,,,,,8810000,,,,,10300000,,,,,12000000,,,,,13900000,,,,,16200000,,,,,18600000,,,,,21200000,,,,,23900000,,,,,26800000,,,,,29800000
Ireland,398000,,,,,382000,,,,,382000,,,,,385000,,,,,392000,,,,,424000,,,,,437000,,,,,447000,,,,,516000,,,,,526000,,,,,559000,,,,,625000,,,,,744000,,,,,867000,,,,,985000,,,,,1130000,,,,,1260000,,,,,1440000,,,,,1600000,,,,,1740000,,,,,1790000,,,,,1790000,,,,,1800000,,,,,1850000,,,,,1930000,,,,,2010000,,,,,2070000,,,,,2120000,,,,,2170000,,,,,2220000,,,,,2270000
Israel,74800,,,,,106000,,,,,147000,,,,,209000,,,,,273000,,,,,358000,,,,,401000,,,,,438000,,,,,551000,,,,,702000,,,,,797000,,,,,875000,,,,,1100000,,,,,1280000,,,,,1440000,,,,,1610000,,,,,1790000,,,,,2020000,,,,,2270000,,,,,2500000,,,,,2720000,,,,,2930000,,,,,3170000,,,,,3430000,,,,,3740000,,,,,4100000,,,,,4420000,,,,,4730000,,,,,5030000,,,,,5320000,,,,,5610000
Italy,5120000,,,,,5650000,,,,,6210000,,,,,6880000,,,,,7780000,,,,,8600000,,,,,8450000,,,,,9210000,,,,,11700000,,,,,12800000,,,,,13900000,,,,,14800000,,,,,16000000,,,,,17000000,,,,,18200000,,,,,19700000,,,,,21200000,,,,,22500000,,,,,23000000,,,,,22800000,,,,,22200000,,,,,21500000,,,,,20700000,,,,,20000000,,,,,19600000,,,,,19200000,,,,,19000000,,,,,18900000,,,,,18800000,,,,,18800000,,,,,18800000
Jamaica,78000,,,,,90100,,,,,99900,,,,,129000,,,,,144000,,,,,156000,,,,,172000,,,,,186000,,,,,243000,,,,,254000,,,,,276000,,,,,297000,,,,,327000,,,,,373000,,,,,427000,,,,,492000,,,,,558000,,,,,617000,,,,,666000,,,,,721000,,,,,783000,,,,,841000,,,,,885000,,,,,888000,,,,,869000,,,,,832000,,,,,815000,,,,,785000,,,,,744000,,,,,699000,,,,,653000
Japan,5980000,,,,,6640000,,,,,7480000,,,,,8620000,,,,,10100000,,,,,11800000,,,,,13500000,,,,,15600000,,,,,21500000,,,,,25500000,,,,,29400000,,,,,33800000,,,,,38900000,,,,,42000000,,,,,43200000,,,,,44100000,,,,,45200000,,,,,47200000,,,,,47600000,,,,,47100000,,,,,46100000,,,,,44800000,,,,,43400000,,,,,41700000,,,,,40000000,,,,,38500000,,,,,37300000,,,,,36300000,,,,,35600000,,,,,35100000,,,,,34700000
Jordan,33400,,,,,44700,,,,,54400,,,,,58300,,,,,77500,,,,,86600,,,,,101000,,,,,133000,,,,,170000,,,,,213000,,,,,251000,,,,,300000,,,,,390000,,,,,506000,,,,,617000,,,,,759000,,,,,970000,,,,,1240000,,,,,1540000,,,,,1860000,,,,,2180000,,,,,2480000,,,,,2800000,,,,,3120000,,,,,3480000,,,,,3880000,,,,,4250000,,,,,4580000,,,,,4880000,,,,,5140000,,,,,5380000
Kazakhstan,631000,,,,,669000,,,,,745000,,,,,863000,,,,,962000,,,,,1080000,,,,,1080000,,,,,1140000,,,,,1590000,,,,,1600000,,,,,1680000,,,,,1570000,,,,,1620000,,,,,1900000,,,,,2220000,,,,,2680000,,,,,2960000,,,,,3260000,,,,,3530000,,,,,3860000,,,,,4420000,,,,,4770000,,,,,4770000,,,,,4760000,,,,,5140000,,,,,5820000,,,,,6330000,,,,,6700000,,,,,6960000,,,,,7190000,,,,,7430000
Kenya,364000,,,,,399000,,,,,447000,,,,,501000,,,,,557000,,,,,616000,,,,,684000,,,,,772000,,,,,977000,,,,,1140000,,,,,1250000,,,,,1350000,,,,,1570000,,,,,1940000,,,,,2410000,,,,,2980000,,,,,3750000,,,,,4840000,,,,,6310000,,,,,8140000,,,,,10100000,,,,,12100000,,,,,14400000,,,,,17000000,,,,,19800000,,,,,22500000,,,,,25200000,,,,,27900000,,,,,30600000,,,,,33300000,,,,,35800000
Kiribati,1820,,,,,2010,,,,,2150,,,,,2270,,,,,2460,,,,,2660,,,,,2880,,,,,3440,,,,,4060,,,,,4200,,,,,4440,,,,,5000,,,,,5590,,,,,6820,,,,,8430,,,,,10700,,,,,13100,,,,,14400,,,,,16000,,,,,18200,,,,,21200,,,,,23800,,,,,26800,,,,,28200,,,,,31500,,,,,35100,,,,,38700,,,,,42100,,,,,45100,,,,,47600,,,,,50400
Kuwait,6540,,,,,7100,,,,,8940,,,,,12400,,,,,21300,,,,,28000,,,,,31100,,,,,37600,,,,,46800,,,,,40200,,,,,61000,,,,,82000,,,,,103000,,,,,160000,,,,,264000,,,,,389000,,,,,588000,,,,,800000,,,,,967000,,,,,1090000,,,,,1160000,,,,,1200000,,,,,1280000,,,,,1330000,,,,,1400000,,,,,1490000,,,,,1590000,,,,,1660000,,,,,1720000,,,,,1770000,,,,,1820000
Kyrgyz Republic,200000,,,,,197000,,,,,198000,,,,,220000,,,,,236000,,,,,244000,,,,,241000,,,,,264000,,,,,365000,,,,,367000,,,,,407000,,,,,359000,,,,,349000,,,,,420000,,,,,528000,,,,,683000,,,,,810000,,,,,915000,,,,,1010000,,,,,1130000,,,,,1360000,,,,,1520000,,,,,1610000,,,,,1640000,,,,,1750000,,,,,1970000,,,,,2150000,,,,,2280000,,,,,2380000,,,,,2480000,,,,,2580000
Lao,62900,,,,,77400,,,,,93100,,,,,112000,,,,,131000,,,,,153000,,,,,175000,,,,,198000,,,,,238000,,,,,264000,,,,,290000,,,,,315000,,,,,350000,,,,,407000,,,,,481000,,,,,579000,,,,,696000,,,,,839000,,,,,1010000,,,,,1220000,,,,,1470000,,,,,1750000,,,,,1980000,,,,,2160000,,,,,2340000,,,,,2490000,,,,,2610000,,,,,2690000,,,,,2750000,,,,,2780000,,,,,2780000
Latvia,252000,,,,,261000,,,,,282000,,,,,324000,,,,,364000,,,,,385000,,,,,356000,,,,,363000,,,,,468000,,,,,483000,,,,,505000,,,,,507000,,,,,500000,,,,,506000,,,,,520000,,,,,532000,,,,,530000,,,,,533000,,,,,528000,,,,,529000,,,,,536000,,,,,523000,,,,,480000,,,,,451000,,,,,444000,,,,,437000,,,,,429000,,,,,422000,,,,,414000,,,,,405000,,,,,399000
Lebanon,127000,,,,,132000,,,,,136000,,,,,146000,,,,,155000,,,,,172000,,,,,172000,,,,,190000,,,,,249000,,,,,288000,,,,,335000,,,,,428000,,,,,514000,,,,,671000,,,,,789000,,,,,908000,,,,,1020000,,,,,1130000,,,,,1270000,,,,,1470000,,,,,1690000,,,,,1890000,,,,,2030000,,,,,2090000,,,,,2050000,,,,,1990000,,,,,1930000,,,,,1890000,,,,,1860000,,,,,1820000,,,,,1770000
Lesotho,47900,,,,,49600,,,,,52400,,,,,56900,,,,,63100,,,,,69000,,,,,76300,,,,,86200,,,,,102000,,,,,116000,,,,,122000,,,,,123000,,,,,136000,,,,,147000,,,,,152000,,,,,153000,,,,,154000,,,,,162000,,,,,187000,,,,,236000,,,,,302000,,,,,377000,,,,,455000,,,,,522000,,,,,587000,,,,,665000,,,,,745000,,,,,818000,,,,,882000,,,,,938000,,,,,990000
Liberia,43000,,,,,42700,,,,,45700,,,,,50800,,,,,58300,,,,,68900,,,,,83200,,,,,100000,,,,,102000,,,,,102000,,,,,145000,,,,,160000,,,,,188000,,,,,217000,,,,,256000,,,,,305000,,,,,367000,,,,,447000,,,,,548000,,,,,671000,,,,,806000,,,,,956000,,,,,1150000,,,,,1390000,,,,,1660000,,,,,1940000,,,,,2250000,,,,,2570000,,,,,2920000,,,,,3270000,,,,,3640000
Libya,84700,,,,,82000,,,,,81100,,,,,85600,,,,,96400,,,,,113000,,,,,135000,,,,,170000,,,,,221000,,,,,266000,,,,,306000,,,,,343000,,,,,368000,,,,,402000,,,,,471000,,,,,594000,,,,,806000,,,,,1080000,,,,,1380000,,,,,1640000,,,,,1850000,,,,,1970000,,,,,2050000,,,,,2110000,,,,,2200000,,,,,2310000,,,,,2400000,,,,,2440000,,,,,2460000,,,,,2450000,,,,,2450000
Lithuania,302000,,,,,297000,,,,,301000,,,,,359000,,,,,419000,,,,,438000,,,,,420000,,,,,446000,,,,,594000,,,,,635000,,,,,672000,,,,,707000,,,,,699000,,,,,719000,,,,,756000,,,,,797000,,,,,812000,,,,,819000,,,,,805000,,,,,788000,,,,,784000,,,,,790000,,,,,769000,,,,,729000,,,,,699000,,,,,686000,,,,,677000,,,,,673000,,,,,667000,,,,,656000,,,,,646000
Luxembourg,39300,,,,,42300,,,,,46000,,,,,51800,,,,,56600,,,,,59000,,,,,56600,,,,,57200,,,,,72500,,,,,77500,,,,,82100,,,,,87000,,,,,96300,,,,,108000,,,,,124000,,,,,144000,,,,,166000,,,,,185000,,,,,200000,,,,,217000,,,,,229000,,,,,240000,,,,,251000,,,,,261000,,,,,269000,,,,,280000,,,,,292000,,,,,304000,,,,,317000,,,,,329000,,,,,341000
"Macedonia, FYR",105000,,,,,92000,,,,,89200,,,,,97900,,,,,119000,,,,,144000,,,,,150000,,,,,172000,,,,,226000,,,,,262000,,,,,292000,,,,,316000,,,,,339000,,,,,386000,,,,,432000,,,,,474000,,,,,513000,,,,,543000,,,,,574000,,,,,609000,,,,,638000,,,,,656000,,,,,651000,,,,,637000,,,,,614000,,,,,596000,,,,,582000,,,,,571000,,,,,560000,,,,,549000,,,,,539000
Madagascar,211000,,,,,237000,,,,,268000,,,,,315000,,,,,373000,,,,,400000,,,,,416000,,,,,459000,,,,,558000,,,,,642000,,,,,722000,,,,,806000,,,,,918000,,,,,1130000,,,,,1390000,,,,,1700000,,,,,2090000,,,,,2560000,,,,,3120000,,,,,3770000,,,,,4550000,,,,,5530000,,,,,6750000,,,,,8070000,,,,,9480000,,,,,11000000,,,,,12600000,,,,,14400000,,,,,16300000,,,,,18200000,,,,,20200000
Malawi,139000,,,,,145000,,,,,153000,,,,,168000,,,,,177000,,,,,204000,,,,,248000,,,,,285000,,,,,395000,,,,,456000,,,,,504000,,,,,578000,,,,,678000,,,,,757000,,,,,850000,,,,,975000,,,,,1160000,,,,,1450000,,,,,1880000,,,,,2440000,,,,,3220000,,,,,4130000,,,,,5170000,,,,,6330000,,,,,7670000,,,,,8990000,,,,,10400000,,,,,11900000,,,,,13400000,,,,,15000000,,,,,16500000
Malaysia,409000,,,,,376000,,,,,387000,,,,,429000,,,,,539000,,,,,614000,,,,,715000,,,,,818000,,,,,1040000,,,,,1200000,,,,,1460000,,,,,1820000,,,,,2210000,,,,,2800000,,,,,3510000,,,,,4290000,,,,,5080000,,,,,5930000,,,,,6840000,,,,,8120000,,,,,9650000,,,,,11100000,,,,,12200000,,,,,13000000,,,,,13400000,,,,,13700000,,,,,14100000,,,,,14400000,,,,,14600000,,,,,14800000,,,,,14800000
Maldives,3450,,,,,3500,,,,,3660,,,,,3940,,,,,4570,,,,,5490,,,,,6740,,,,,8380,,,,,10600,,,,,13500,,,,,17100,,,,,20100,,,,,21900,,,,,25000,,,,,32600,,,,,43400,,,,,56500,,,,,71700,,,,,90300,,,,,123000,,,,,164000,,,,,195000,,,,,209000,,,,,212000,,,,,213000,,,,,216000,,,,,217000,,,,,212000,,,,,205000,,,,,199000,,,,,196000
Mali,218000,,,,,209000,,,,,218000,,,,,246000,,,,,288000,,,,,338000,,,,,390000,,,,,437000,,,,,497000,,,,,527000,,,,,546000,,,,,588000,,,,,631000,,,,,703000,,,,,785000,,,,,898000,,,,,1080000,,,,,1350000,,,,,1680000,,,,,2060000,,,,,2470000,,,,,2960000,,,,,3580000,,,,,4420000,,,,,5520000,,,,,6730000,,,,,8030000,,,,,9450000,,,,,11000000,,,,,12600000,,,,,14300000
Malta,27100,,,,,28100,,,,,30400,,,,,34600,,,,,39900,,,,,39700,,,,,41400,,,,,43700,,,,,54100,,,,,60500,,,,,66600,,,,,76300,,,,,95300,,,,,107000,,,,,120000,,,,,129000,,,,,132000,,,,,136000,,,,,142000,,,,,148000,,,,,154000,,,,,159000,,,,,160000,,,,,157000,,,,,153000,,,,,149000,,,,,146000,,,,,143000,,,,,141000,,,,,139000,,,,,137000
Mauritania,18500,,,,,23800,,,,,30600,,,,,38700,,,,,48100,,,,,58300,,,,,69500,,,,,82000,,,,,101000,,,,,116000,,,,,133000,,,,,152000,,,,,174000,,,,,206000,,,,,251000,,,,,308000,,,,,377000,,,,,461000,,,,,559000,,,,,668000,,,,,789000,,,,,917000,,,,,1050000,,,,,1200000,,,,,1370000,,,,,1560000,,,,,1760000,,,,,1970000,,,,,2170000,,,,,2370000,,,,,2570000
Mauritius,21500,,,,,22700,,,,,25300,,,,,28600,,,,,32900,,,,,38200,,,,,52200,,,,,61800,,,,,76100,,,,,89300,,,,,106000,,,,,118000,,,,,150000,,,,,194000,,,,,234000,,,,,278000,,,,,307000,,,,,325000,,,,,352000,,,,,361000,,,,,369000,,,,,389000,,,,,400000,,,,,412000,,,,,411000,,,,,400000,,,,,387000,,,,,375000,,,,,365000,,,,,356000,,,,,347000
Mexico,1320000,,,,,1560000,,,,,1880000,,,,,2270000,,,,,2620000,,,,,3030000,,,,,3380000,,,,,3970000,,,,,5420000,,,,,6340000,,,,,7250000,,,,,8380000,,,,,9850000,,,,,12100000,,,,,14700000,,,,,17700000,,,,,21500000,,,,,26600000,,,,,31400000,,,,,35900000,,,,,40400000,,,,,44800000,,,,,49000000,,,,,52400000,,,,,54900000,,,,,57100000,,,,,58700000,,,,,59600000,,,,,59800000,,,,,59600000,,,,,59000000
"Micronesia, Fed. Sts.",1860,,,,,2040,,,,,2280,,,,,2580,,,,,2950,,,,,3800,,,,,3740,,,,,4260,,,,,5120,,,,,6080,,,,,5600,,,,,5890,,,,,6390,,,,,7860,,,,,9270,,,,,10300,,,,,10600,,,,,10000,,,,,9990,,,,,12300,,,,,15500,,,,,19400,,,,,23200,,,,,25800,,,,,26900,,,,,27200,,,,,27800,,,,,28800,,,,,30000,,,,,30800,,,,,30900
Moldova,238000,,,,,231000,,,,,243000,,,,,278000,,,,,315000,,,,,377000,,,,,394000,,,,,449000,,,,,559000,,,,,568000,,,,,575000,,,,,564000,,,,,576000,,,,,672000,,,,,761000,,,,,852000,,,,,867000,,,,,886000,,,,,927000,,,,,1010000,,,,,1140000,,,,,1180000,,,,,1140000,,,,,1060000,,,,,999000,,,,,945000,,,,,887000,,,,,831000,,,,,784000,,,,,745000,,,,,714000
Mongolia,52400,,,,,63900,,,,,74500,,,,,82400,,,,,94800,,,,,100000,,,,,109000,,,,,116000,,,,,137000,,,,,134000,,,,,135000,,,,,142000,,,,,154000,,,,,185000,,,,,238000,,,,,318000,,,,,397000,,,,,481000,,,,,563000,,,,,650000,,,,,764000,,,,,828000,,,,,844000,,,,,842000,,,,,888000,,,,,999000,,,,,1090000,,,,,1160000,,,,,1200000,,,,,1240000,,,,,1280000
Montenegro,37300,,,,,37100,,,,,38500,,,,,42000,,,,,50100,,,,,53300,,,,,52500,,,,,56100,,,,,77000,,,,,91900,,,,,102000,,,,,105000,,,,,112000,,,,,128000,,,,,142000,,,,,155000,,,,,162000,,,,,169000,,,,,176000,,,,,185000,,,,,189000,,,,,194000,,,,,197000,,,,,197000,,,,,197000,,,,,195000,,,,,192000,,,,,187000,,,,,182000,,,,,178000,,,,,174000
Morocco,406000,,,,,496000,,,,,603000,,,,,719000,,,,,808000,,,,,852000,,,,,955000,,,,,1180000,,,,,1630000,,,,,1960000,,,,,2230000,,,,,2510000,,,,,2800000,,,,,3460000,,,,,4400000,,,,,5440000,,,,,6440000,,,,,7430000,,,,,8510000,,,,,9770000,,,,,11000000,,,,,12100000,,,,,12900000,,,,,13600000,,,,,14300000,,,,,15100000,,,,,15600000,,,,,16000000,,,,,16300000,,,,,16400000,,,,,16500000
Mozambique,279000,,,,,302000,,,,,334000,,,,,374000,,,,,421000,,,,,477000,,,,,543000,,,,,596000,,,,,663000,,,,,762000,,,,,875000,,,,,1010000,,,,,1160000,,,,,1350000,,,,,1570000,,,,,1810000,,,,,2090000,,,,,2480000,,,,,2990000,,,,,3640000,,,,,4440000,,,,,5460000,,,,,6760000,,,,,8360000,,,,,10200000,,,,,12300000,,,,,14500000,,,,,17000000,,,,,19600000,,,,,22300000,,,,,25200000
Myanmar,932000,,,,,1020000,,,,,1150000,,,,,1330000,,,,,1530000,,,,,1740000,,,,,2010000,,,,,2270000,,,,,2770000,,,,,3050000,,,,,3230000,,,,,3400000,,,,,3780000,,,,,4660000,,,,,5630000,,,,,6640000,,,,,7730000,,,,,8830000,,,,,9860000,,,,,10800000,,,,,11500000,,,,,12300000,,,,,13200000,,,,,14200000,,,,,14700000,,,,,14900000,,,,,15000000,,,,,15000000,,,,,15100000,,,,,15100000,,,,,15100000
Namibia,30300,,,,,30900,,,,,33000,,,,,36800,,,,,40900,,,,,46400,,,,,51900,,,,,58300,,,,,74600,,,,,84100,,,,,93800,,,,,102000,,,,,112000,,,,,130000,,,,,154000,,,,,185000,,,,,221000,,,,,265000,,,,,320000,,,,,385000,,,,,472000,,,,,580000,,,,,688000,,,,,786000,,,,,885000,,,,,1010000,,,,,1120000,,,,,1240000,,,,,1340000,,,,,1430000,,,,,1520000
Nepal,310000,,,,,380000,,,,,442000,,,,,505000,,,,,585000,,,,,674000,,,,,769000,,,,,881000,,,,,1060000,,,,,1210000,,,,,1400000,,,,,1710000,,,,,2010000,,,,,2450000,,,,,2740000,,,,,3120000,,,,,3580000,,,,,4140000,,,,,4800000,,,,,5580000,,,,,6510000,,,,,7650000,,,,,9050000,,,,,10400000,,,,,11300000,,,,,11700000,,,,,12000000,,,,,12100000,,,,,12100000,,,,,11800000,,,,,11500000
Netherlands,1040000,,,,,1180000,,,,,1340000,,,,,1500000,,,,,1650000,,,,,1790000,,,,,1890000,,,,,2040000,,,,,2570000,,,,,2740000,,,,,2900000,,,,,3150000,,,,,3660000,,,,,4080000,,,,,4560000,,,,,5070000,,,,,5530000,,,,,5790000,,,,,5850000,,,,,5860000,,,,,5910000,,,,,5950000,,,,,5960000,,,,,6000000,,,,,6030000,,,,,6040000,,,,,6060000,,,,,6090000,,,,,6120000,,,,,6150000,,,,,6160000
New Zealand,229000,,,,,243000,,,,,255000,,,,,273000,,,,,309000,,,,,348000,,,,,378000,,,,,413000,,,,,518000,,,,,563000,,,,,609000,,,,,680000,,,,,803000,,,,,925000,,,,,1070000,,,,,1230000,,,,,1370000,,,,,1490000,,,,,1550000,,,,,1600000,,,,,1680000,,,,,1770000,,,,,1840000,,,,,1900000,,,,,1970000,,,,,2050000,,,,,2110000,,,,,2160000,,,,,2200000,,,,,2240000,,,,,2280000
Nicaragua,57100,,,,,61700,,,,,68200,,,,,78000,,,,,91300,,,,,109000,,,,,131000,,,,,159000,,,,,205000,,,,,242000,,,,,282000,,,,,331000,,,,,375000,,,,,473000,,,,,599000,,,,,728000,,,,,875000,,,,,1060000,,,,,1290000,,,,,1550000,,,,,1830000,,,,,2090000,,,,,2310000,,,,,2500000,,,,,2660000,,,,,2780000,,,,,2850000,,,,,2890000,,,,,2890000,,,,,2860000,,,,,2830000
Niger,39500,,,,,55900,,,,,80300,,,,,107000,,,,,136000,,,,,166000,,,,,200000,,,,,246000,,,,,314000,,,,,380000,,,,,455000,,,,,553000,,,,,672000,,,,,822000,,,,,1020000,,,,,1260000,,,,,1460000,,,,,1690000,,,,,1990000,,,,,2350000,,,,,2770000,,,,,3340000,,,,,4220000,,,,,5420000,,,,,6940000,,,,,8770000,,,,,11000000,,,,,13500000,,,,,16600000,,,,,20000000,,,,,23900000
Nigeria,1860000,,,,,1980000,,,,,2170000,,,,,2360000,,,,,2600000,,,,,2920000,,,,,3350000,,,,,3860000,,,,,4560000,,,,,5130000,,,,,5740000,,,,,6390000,,,,,7200000,,,,,8110000,,,,,9310000,,,,,10800000,,,,,12700000,,,,,15200000,,,,,18500000,,,,,22300000,,,,,26400000,,,,,31000000,,,,,36600000,,,,,43900000,,,,,52700000,,,,,63100000,,,,,74200000,,,,,86300000,,,,,99300000,,,,,113000000,,,,,128000000
North Korea,520000,,,,,533000,,,,,577000,,,,,625000,,,,,696000,,,,,795000,,,,,922000,,,,,1080000,,,,,1410000,,,,,1830000,,,,,2330000,,,,,2840000,,,,,3180000,,,,,3200000,,,,,3880000,,,,,4370000,,,,,5350000,,,,,6210000,,,,,6400000,,,,,6700000,,,,,6960000,,,,,7270000,,,,,7510000,,,,,7700000,,,,,7780000,,,,,7850000,,,,,7950000,,,,,8050000,,,,,8130000,,,,,8160000,,,,,8130000
Norway,392000,,,,,444000,,,,,505000,,,,,563000,,,,,618000,,,,,668000,,,,,709000,,,,,743000,,,,,893000,,,,,878000,,,,,872000,,,,,918000,,,,,1030000,,,,,1130000,,,,,1260000,,,,,1400000,,,,,1570000,,,,,1710000,,,,,1800000,,,,,1890000,,,,,2000000,,,,,2100000,,,,,2200000,,,,,2280000,,,,,2370000,,,,,2460000,,,,,2540000,,,,,2630000,,,,,2710000,,,,,2790000,,,,,2870000
Oman,21700,,,,,23500,,,,,27000,,,,,31300,,,,,36200,,,,,41300,,,,,46300,,,,,51500,,,,,64000,,,,,73200,,,,,90300,,,,,103000,,,,,119000,,,,,161000,,,,,218000,,,,,307000,,,,,422000,,,,,591000,,,,,799000,,,,,1050000,,,,,1370000,,,,,1680000,,,,,1920000,,,,,2100000,,,,,2280000,,,,,2460000,,,,,2580000,,,,,2620000,,,,,2590000,,,,,2540000,,,,,2490000
Pakistan,2550000,,,,,2450000,,,,,2510000,,,,,2740000,,,,,3100000,,,,,3630000,,,,,4300000,,,,,5090000,,,,,6460000,,,,,7480000,,,,,8630000,,,,,9980000,,,,,11200000,,,,,12500000,,,,,14700000,,,,,17500000,,,,,20700000,,,,,24100000,,,,,28300000,,,,,33400000,,,,,39700000,,,,,45900000,,,,,51500000,,,,,56000000,,,,,61400000,,,,,67700000,,,,,73600000,,,,,78700000,,,,,82900000,,,,,86500000,,,,,90100000
Palestine,64700,,,,,62500,,,,,58000,,,,,54300,,,,,44300,,,,,45500,,,,,48200,,,,,55700,,,,,71500,,,,,91500,,,,,121000,,,,,143000,,,,,176000,,,,,211000,,,,,257000,,,,,331000,,,,,423000,,,,,532000,,,,,666000,,,,,822000,,,,,1020000,,,,,1280000,,,,,1550000,,,,,1810000,,,,,2080000,,,,,2390000,,,,,2710000,,,,,3030000,,,,,3350000,,,,,3650000,,,,,3940000
Panama,44700,,,,,50500,,,,,57900,,,,,67600,,,,,79000,,,,,92900,,,,,109000,,,,,128000,,,,,171000,,,,,203000,,,,,242000,,,,,292000,,,,,353000,,,,,430000,,,,,527000,,,,,644000,,,,,776000,,,,,920000,,,,,1060000,,,,,1200000,,,,,1330000,,,,,1460000,,,,,1580000,,,,,1700000,,,,,1810000,,,,,1920000,,,,,2020000,,,,,2120000,,,,,2200000,,,,,2270000,,,,,2320000
Papua New Guinea,95100,,,,,82400,,,,,84300,,,,,91100,,,,,103000,,,,,119000,,,,,138000,,,,,163000,,,,,205000,,,,,239000,,,,,279000,,,,,324000,,,,,383000,,,,,467000,,,,,564000,,,,,674000,,,,,801000,,,,,952000,,,,,1130000,,,,,1310000,,,,,1500000,,,,,1700000,,,,,1940000,,,,,2200000,,,,,2460000,,,,,2710000,,,,,2950000,,,,,3190000,,,,,3430000,,,,,3670000,,,,,3910000
Paraguay,61400,,,,,73400,,,,,88000,,,,,105000,,,,,123000,,,,,145000,,,,,171000,,,,,200000,,,,,260000,,,,,296000,,,,,347000,,,,,410000,,,,,490000,,,,,598000,,,,,712000,,,,,828000,,,,,943000,,,,,1050000,,,,,1200000,,,,,1400000,,,,,1640000,,,,,1870000,,,,,2090000,,,,,2250000,,,,,2380000,,,,,2490000,,,,,2580000,,,,,2660000,,,,,2730000,,,,,2790000,,,,,2820000
Peru,414000,,,,,469000,,,,,538000,,,,,610000,,,,,697000,,,,,798000,,,,,902000,,,,,1030000,,,,,1330000,,,,,1590000,,,,,1880000,,,,,2240000,,,,,2630000,,,,,3130000,,,,,3730000,,,,,4500000,,,,,5370000,,,,,6310000,,,,,7350000,,,,,8390000,,,,,9510000,,,,,10600000,,,,,11400000,,,,,12200000,,,,,12900000,,,,,13600000,,,,,14100000,,,,,14500000,,,,,14800000,,,,,15000000,,,,,15100000
Philippines,958000,,,,,1050000,,,,,1180000,,,,,1360000,,,,,1630000,,,,,1920000,,,,,2170000,,,,,2450000,,,,,2930000,,,,,3400000,,,,,3990000,,,,,4700000,,,,,6120000,,,,,7410000,,,,,9030000,,,,,10900000,,,,,12900000,,,,,14800000,,,,,16900000,,,,,19000000,,,,,21400000,,,,,24400000,,,,,27400000,,,,,30100000,,,,,32800000,,,,,35500000,,,,,38200000,,,,,40700000,,,,,43100000,,,,,45300000,,,,,47300000
Poland,1860000,,,,,2090000,,,,,2550000,,,,,3200000,,,,,3880000,,,,,4320000,,,,,4160000,,,,,4440000,,,,,5590000,,,,,6020000,,,,,6360000,,,,,6530000,,,,,7420000,,,,,8630000,,,,,9790000,,,,,10300000,,,,,10600000,,,,,11000000,,,,,11700000,,,,,12500000,,,,,12800000,,,,,12900000,,,,,12500000,,,,,11900000,,,,,11400000,,,,,10900000,,,,,10300000,,,,,9730000,,,,,9220000,,,,,8800000,,,,,8480000
Portugal,787000,,,,,859000,,,,,921000,,,,,1020000,,,,,1100000,,,,,1250000,,,,,1370000,,,,,1490000,,,,,1890000,,,,,2080000,,,,,2250000,,,,,2370000,,,,,2630000,,,,,2810000,,,,,3000000,,,,,3210000,,,,,3400000,,,,,3630000,,,,,3790000,,,,,3820000,,,,,3750000,,,,,3640000,,,,,3540000,,,,,3440000,,,,,3330000,,,,,3210000,,,,,3090000,,,,,2980000,,,,,2890000,,,,,2810000,,,,,2740000
Qatar,1350,,,,,1690,,,,,2050,,,,,2560,,,,,3200,,,,,5120,,,,,5370,,,,,6650,,,,,10900,,,,,12800,,,,,17600,,,,,21300,,,,,32600,,,,,58100,,,,,101000,,,,,172000,,,,,278000,,,,,389000,,,,,481000,,,,,571000,,,,,689000,,,,,832000,,,,,954000,,,,,1070000,,,,,1160000,,,,,1230000,,,,,1270000,,,,,1310000,,,,,1320000,,,,,1330000,,,,,1340000
Romania,1400000,,,,,1600000,,,,,1860000,,,,,2150000,,,,,2470000,,,,,2800000,,,,,2680000,,,,,2950000,,,,,3700000,,,,,4010000,,,,,4250000,,,,,4210000,,,,,4370000,,,,,4750000,,,,,5000000,,,,,4930000,,,,,5250000,,,,,5510000,,,,,5750000,,,,,5710000,,,,,5810000,,,,,5660000,,,,,5460000,,,,,5250000,,,,,5110000,,,,,4940000,,,,,4800000,,,,,4680000,,,,,4570000,,,,,4490000,,,,,4410000
Russia,7330000,,,,,8600000,,,,,10000000,,,,,11900000,,,,,14100000,,,,,16700000,,,,,16900000,,,,,17700000,,,,,23900000,,,,,25000000,,,,,27000000,,,,,24700000,,,,,25700000,,,,,29000000,,,,,32100000,,,,,34600000,,,,,34400000,,,,,35000000,,,,,35900000,,,,,37500000,,,,,39700000,,,,,39100000,,,,,36600000,,,,,34800000,,,,,34100000,,,,,34900000,,,,,35700000,,,,,36400000,,,,,36600000,,,,,36700000,,,,,37000000
Rwanda,106000,,,,,120000,,,,,135000,,,,,141000,,,,,152000,,,,,161000,,,,,172000,,,,,208000,,,,,280000,,,,,223000,,,,,346000,,,,,369000,,,,,425000,,,,,539000,,,,,690000,,,,,902000,,,,,1050000,,,,,1250000,,,,,1540000,,,,,2000000,,,,,2530000,,,,,2940000,,,,,3430000,,,,,3990000,,,,,4650000,,,,,5300000,,,,,5920000,,,,,6470000,,,,,6990000,,,,,7500000,,,,,7970000
Samoa,2960,,,,,3140,,,,,3800,,,,,4390,,,,,5150,,,,,6020,,,,,6650,,,,,7710,,,,,9600,,,,,10900,,,,,11400,,,,,12500,,,,,13400,,,,,15500,,,,,18600,,,,,22100,,,,,26100,,,,,29700,,,,,32300,,,,,33900,,,,,34900,,,,,38000,,,,,42200,,,,,47300,,,,,54700,,,,,61000,,,,,65500,,,,,69400,,,,,73300,,,,,77600,,,,,81900
Sao Tome and Principe,3030,,,,,2980,,,,,3240,,,,,2160,,,,,4530,,,,,4680,,,,,5870,,,,,6460,,,,,7950,,,,,8640,,,,,9160,,,,,8710,,,,,8220,,,,,8450,,,,,9720,,,,,12000,,,,,14800,,,,,18200,,,,,24200,,,,,28200,,,,,34100,,,,,38900,,,,,44800,,,,,52800,,,,,61800,,,,,71000,,,,,79900,,,,,88800,,,,,97900,,,,,107000,,,,,116000
Saudi Arabia,169000,,,,,197000,,,,,226000,,,,,259000,,,,,297000,,,,,353000,,,,,426000,,,,,490000,,,,,703000,,,,,807000,,,,,919000,,,,,1060000,,,,,1230000,,,,,1650000,,,,,2210000,,,,,3150000,,,,,4360000,,,,,5950000,,,,,7650000,,,,,9000000,,,,,10300000,,,,,11500000,,,,,12100000,,,,,12500000,,,,,13000000,,,,,13600000,,,,,14300000,,,,,14800000,,,,,15100000,,,,,15200000,,,,,15200000
Senegal,130000,,,,,129000,,,,,139000,,,,,156000,,,,,178000,,,,,208000,,,,,244000,,,,,290000,,,,,365000,,,,,433000,,,,,493000,,,,,549000,,,,,605000,,,,,699000,,,,,811000,,,,,962000,,,,,1170000,,,,,1450000,,,,,1810000,,,,,2280000,,,,,2820000,,,,,3410000,,,,,4050000,,,,,4790000,,,,,5700000,,,,,6790000,,,,,7910000,,,,,9070000,,,,,10300000,,,,,11500000,,,,,12800000
Serbia,656000,,,,,631000,,,,,709000,,,,,823000,,,,,945000,,,,,1000000,,,,,954000,,,,,1080000,,,,,1450000,,,,,1680000,,,,,1770000,,,,,1750000,,,,,1890000,,,,,2100000,,,,,2190000,,,,,2230000,,,,,2250000,,,,,2290000,,,,,2330000,,,,,2350000,,,,,2390000,,,,,2400000,,,,,2380000,,,,,2350000,,,,,2300000,,,,,2240000,,,,,2180000,,,,,2140000,,,,,2090000,,,,,2050000,,,,,2010000
Seychelles,3370,,,,,3290,,,,,3210,,,,,3630,,,,,4090,,,,,4740,,,,,5280,,,,,5790,,,,,6710,,,,,7500,,,,,8430,,,,,8160,,,,,9170,,,,,11600,,,,,14300,,,,,17600,,,,,20500,,,,,23200,,,,,25500,,,,,27300,,,,,27800,,,,,27600,,,,,26400,,,,,25400,,,,,25300,,,,,26400,,,,,27200,,,,,27500,,,,,27600,,,,,27700,,,,,27900
Sierra Leone,103000,,,,,107000,,,,,114000,,,,,125000,,,,,138000,,,,,155000,,,,,175000,,,,,192000,,,,,213000,,,,,193000,,,,,191000,,,,,234000,,,,,268000,,,,,300000,,,,,336000,,,,,386000,,,,,455000,,,,,552000,,,,,674000,,,,,821000,,,,,980000,,,,,1160000,,,,,1370000,,,,,1610000,,,,,1890000,,,,,2150000,,,,,2400000,,,,,2630000,,,,,2850000,,,,,3040000,,,,,3220000
Singapore,34000,,,,,40100,,,,,56000,,,,,82400,,,,,112000,,,,,143000,,,,,161000,,,,,196000,,,,,254000,,,,,327000,,,,,421000,,,,,565000,,,,,716000,,,,,989000,,,,,1320000,,,,,1650000,,,,,1940000,,,,,2210000,,,,,2420000,,,,,2560000,,,,,2640000,,,,,2710000,,,,,2750000,,,,,2750000,,,,,2730000,,,,,2700000,,,,,2660000,,,,,2630000,,,,,2590000,,,,,2550000,,,,,2510000
Slovak Republic,310000,,,,,342000,,,,,415000,,,,,503000,,,,,575000,,,,,636000,,,,,592000,,,,,648000,,,,,774000,,,,,807000,,,,,824000,,,,,870000,,,,,963000,,,,,1130000,,,,,1270000,,,,,1380000,,,,,1440000,,,,,1530000,,,,,1650000,,,,,1740000,,,,,1800000,,,,,1810000,,,,,1750000,,,,,1670000,,,,,1600000,,,,,1550000,,,,,1510000,,,,,1480000,,,,,1450000,,,,,1420000,,,,,1400000
Slovenia,140000,,,,,150000,,,,,179000,,,,,207000,,,,,229000,,,,,245000,,,,,232000,,,,,246000,,,,,315000,,,,,354000,,,,,383000,,,,,415000,,,,,453000,,,,,521000,,,,,579000,,,,,629000,,,,,672000,,,,,705000,,,,,740000,,,,,760000,,,,,759000,,,,,735000,,,,,701000,,,,,666000,,,,,648000,,,,,638000,,,,,630000,,,,,623000,,,,,619000,,,,,617000,,,,,619000
Solomon Islands,2780,,,,,4050,,,,,6260,,,,,7030,,,,,8110,,,,,8920,,,,,9990,,,,,11300,,,,,13300,,,,,15800,,,,,18300,,,,,22800,,,,,26900,,,,,30700,,,,,36600,,,,,44700,,,,,55200,,,,,71000,,,,,88600,,,,,104000,,,,,119000,,,,,137000,,,,,160000,,,,,187000,,,,,217000,,,,,248000,,,,,276000,,,,,303000,,,,,330000,,,,,356000,,,,,382000
Somalia,102000,,,,,118000,,,,,135000,,,,,153000,,,,,173000,,,,,195000,,,,,309000,,,,,315000,,,,,345000,,,,,335000,,,,,385000,,,,,443000,,,,,516000,,,,,602000,,,,,705000,,,,,820000,,,,,962000,,,,,1130000,,,,,1320000,,,,,1560000,,,,,1880000,,,,,2300000,,,,,2850000,,,,,3470000,,,,,4210000,,,,,5040000,,,,,6020000,,,,,7120000,,,,,8320000,,,,,9610000,,,,,11000000
South Africa,789000,,,,,874000,,,,,976000,,,,,1090000,,,,,1260000,,,,,1400000,,,,,1550000,,,,,1700000,,,,,2060000,,,,,2490000,,,,,2870000,,,,,3290000,,,,,3700000,,,,,4450000,,,,,5200000,,,,,5970000,,,,,6780000,,,,,7670000,,,,,8700000,,,,,10100000,,,,,11600000,,,,,13000000,,,,,14200000,,,,,15400000,,,,,16500000,,,,,17800000,,,,,19000000,,,,,20000000,,,,,20800000,,,,,21500000,,,,,22100000
South Korea,924000,,,,,1130000,,,,,1320000,,,,,1450000,,,,,1680000,,,,,1940000,,,,,2220000,,,,,2650000,,,,,3400000,,,,,4190000,,,,,5200000,,,,,6240000,,,,,7600000,,,,,9320000,,,,,11900000,,,,,14400000,,,,,16700000,,,,,18700000,,,,,20000000,,,,,20900000,,,,,21000000,,,,,21200000,,,,,20900000,,,,,20000000,,,,,19100000,,,,,18200000,,,,,17500000,,,,,16900000,,,,,16600000,,,,,16300000,,,,,15900000
South Sudan,133000,,,,,126000,,,,,126000,,,,,134000,,,,,148000,,,,,170000,,,,,197000,,,,,234000,,,,,265000,,,,,260000,,,,,332000,,,,,417000,,,,,529000,,,,,611000,,,,,707000,,,,,828000,,,,,978000,,,,,1150000,,,,,1360000,,,,,1600000,,,,,1920000,,,,,2310000,,,,,2770000,,,,,3270000,,,,,3830000,,,,,4420000,,,,,5060000,,,,,5750000,,,,,6450000,,,,,7150000,,,,,7850000
Spain,2760000,,,,,3000000,,,,,3300000,,,,,3780000,,,,,4230000,,,,,4660000,,,,,5020000,,,,,5550000,,,,,7350000,,,,,8240000,,,,,8770000,,,,,9510000,,,,,10500000,,,,,11300000,,,,,12500000,,,,,13900000,,,,,15400000,,,,,17000000,,,,,18400000,,,,,18900000,,,,,18600000,,,,,18000000,,,,,17200000,,,,,16500000,,,,,16100000,,,,,15600000,,,,,15300000,,,,,15100000,,,,,14900000,,,,,14800000,,,,,14700000
Sri Lanka,687000,,,,,567000,,,,,535000,,,,,573000,,,,,665000,,,,,792000,,,,,939000,,,,,1110000,,,,,1420000,,,,,1620000,,,,,1740000,,,,,2020000,,,,,2380000,,,,,2890000,,,,,3460000,,,,,4030000,,,,,4540000,,,,,4980000,,,,,5480000,,,,,5830000,,,,,5980000,,,,,6090000,,,,,6150000,,,,,6300000,,,,,6470000,,,,,6520000,,,,,6490000,,,,,6390000,,,,,6260000,,,,,6130000,,,,,6000000
St. Lucia,4130,,,,,3520,,,,,5500,,,,,6070,,,,,6720,,,,,7490,,,,,8360,,,,,9260,,,,,13900,,,,,15200,,,,,15800,,,,,16000,,,,,20800,,,,,23200,,,,,27200,,,,,32900,,,,,38900,,,,,44300,,,,,49300,,,,,54300,,,,,58300,,,,,63600,,,,,67400,,,,,68500,,,,,67300,,,,,65700,,,,,63600,,,,,61100,,,,,58400,,,,,55600,,,,,53100
St. Vincent and the Grenadines,3700,,,,,4000,,,,,4320,,,,,5210,,,,,6360,,,,,7310,,,,,7460,,,,,7140,,,,,9210,,,,,9760,,,,,10400,,,,,10300,,,,,10400,,,,,12000,,,,,14600,,,,,18200,,,,,20600,,,,,22600,,,,,24600,,,,,26600,,,,,28100,,,,,29700,,,,,31000,,,,,31700,,,,,32400,,,,,32700,,,,,32700,,,,,32300,,,,,31600,,,,,30800,,,,,30000
Sudan,294000,,,,,323000,,,,,353000,,,,,396000,,,,,454000,,,,,526000,,,,,619000,,,,,730000,,,,,923000,,,,,1130000,,,,,1300000,,,,,1500000,,,,,1760000,,,,,2080000,,,,,2480000,,,,,2960000,,,,,3540000,,,,,4180000,,,,,4910000,,,,,5750000,,,,,6700000,,,,,7970000,,,,,9530000,,,,,11300000,,,,,13200000,,,,,15000000,,,,,16900000,,,,,18900000,,,,,21000000,,,,,23200000,,,,,25400000
Suriname,16000,,,,,16000,,,,,16000,,,,,18000,,,,,19500,,,,,19800,,,,,19700,,,,,22200,,,,,29700,,,,,34900,,,,,38700,,,,,42500,,,,,47900,,,,,55000,,,,,65000,,,,,81100,,,,,94000,,,,,107000,,,,,115000,,,,,124000,,,,,133000,,,,,142000,,,,,152000,,,,,159000,,,,,166000,,,,,172000,,,,,178000,,,,,181000,,,,,184000,,,,,186000,,,,,186000
Swaziland,12000,,,,,13400,,,,,14900,,,,,16600,,,,,18900,,,,,21800,,,,,25300,,,,,29400,,,,,36900,,,,,42800,,,,,49500,,,,,50900,,,,,56200,,,,,62900,,,,,71100,,,,,80200,,,,,90200,,,,,101000,,,,,119000,,,,,154000,,,,,205000,,,,,262000,,,,,312000,,,,,356000,,,,,404000,,,,,454000,,,,,505000,,,,,550000,,,,,589000,,,,,624000,,,,,654000
Sweden,935000,,,,,1030000,,,,,1130000,,,,,1260000,,,,,1390000,,,,,1500000,,,,,1570000,,,,,1620000,,,,,1950000,,,,,1950000,,,,,1970000,,,,,2120000,,,,,2330000,,,,,2460000,,,,,2620000,,,,,2810000,,,,,3030000,,,,,3190000,,,,,3270000,,,,,3370000,,,,,3540000,,,,,3750000,,,,,3780000,,,,,3840000,,,,,3950000,,,,,4070000,,,,,4210000,,,,,4330000,,,,,4440000,,,,,4550000,,,,,4670000
Switzerland,596000,,,,,648000,,,,,717000,,,,,804000,,,,,896000,,,,,974000,,,,,984000,,,,,1030000,,,,,1300000,,,,,1370000,,,,,1440000,,,,,1580000,,,,,1790000,,,,,1960000,,,,,2200000,,,,,2510000,,,,,2820000,,,,,3020000,,,,,3160000,,,,,3330000,,,,,3460000,,,,,3540000,,,,,3560000,,,,,3570000,,,,,3590000,,,,,3650000,,,,,3720000,,,,,3780000,,,,,3850000,,,,,3920000,,,,,3980000
Syria,225000,,,,,242000,,,,,255000,,,,,272000,,,,,295000,,,,,327000,,,,,375000,,,,,450000,,,,,586000,,,,,695000,,,,,786000,,,,,904000,,,,,1070000,,,,,1190000,,,,,1430000,,,,,1940000,,,,,2490000,,,,,3050000,,,,,3780000,,,,,4650000,,,,,5460000,,,,,6200000,,,,,7210000,,,,,8350000,,,,,9490000,,,,,10500000,,,,,11200000,,,,,11800000,,,,,12300000,,,,,12700000,,,,,13100000
Tajikistan,108000,,,,,124000,,,,,145000,,,,,175000,,,,,197000,,,,,205000,,,,,211000,,,,,229000,,,,,330000,,,,,339000,,,,,348000,,,,,350000,,,,,377000,,,,,467000,,,,,613000,,,,,790000,,,,,973000,,,,,1160000,,,,,1350000,,,,,1610000,,,,,1980000,,,,,2310000,,,,,2590000,,,,,2800000,,,,,3090000,,,,,3490000,,,,,3890000,,,,,4230000,,,,,4530000,,,,,4820000,,,,,5140000
Tanzania,276000,,,,,325000,,,,,382000,,,,,450000,,,,,532000,,,,,632000,,,,,746000,,,,,880000,,,,,1110000,,,,,1310000,,,,,1520000,,,,,1800000,,,,,2170000,,,,,2500000,,,,,2950000,,,,,3500000,,,,,4230000,,,,,5230000,,,,,6530000,,,,,8100000,,,,,9930000,,,,,12100000,,,,,14700000,,,,,17900000,,,,,21700000,,,,,26100000,,,,,30900000,,,,,36100000,,,,,41700000,,,,,47700000,,,,,54100000
Thailand,961000,,,,,1110000,,,,,1320000,,,,,1560000,,,,,1820000,,,,,2100000,,,,,2400000,,,,,2830000,,,,,4060000,,,,,5040000,,,,,6200000,,,,,7290000,,,,,8700000,,,,,10700000,,,,,13300000,,,,,16000000,,,,,18700000,,,,,20900000,,,,,22400000,,,,,23000000,,,,,23000000,,,,,23100000,,,,,23100000,,,,,22900000,,,,,22500000,,,,,22000000,,,,,21300000,,,,,20500000,,,,,19800000,,,,,19200000,,,,,18600000
Timor-Leste,23200,,,,,20100,,,,,20400,,,,,22800,,,,,24500,,,,,27900,,,,,17600,,,,,19300,,,,,23700,,,,,30400,,,,,34300,,,,,44100,,,,,56600,,,,,66500,,,,,77000,,,,,89500,,,,,107000,,,,,128000,,,,,129000,,,,,145000,,,,,162000,,,,,192000,,,,,254000,,,,,311000,,,,,383000,,,,,462000,,,,,541000,,,,,625000,,,,,713000,,,,,801000,,,,,886000
Togo,89600,,,,,80900,,,,,78100,,,,,79500,,,,,96600,,,,,110000,,,,,124000,,,,,147000,,,,,179000,,,,,202000,,,,,227000,,,,,253000,,,,,287000,,,,,335000,,,,,393000,,,,,468000,,,,,567000,,,,,699000,,,,,861000,,,,,1040000,,,,,1240000,,,,,1430000,,,,,1630000,,,,,1900000,,,,,2220000,,,,,2540000,,,,,2860000,,,,,3180000,,,,,3510000,,,,,3850000,,,,,4190000
Tonga,1390,,,,,2210,,,,,2970,,,,,3260,,,,,3320,,,,,3760,,,,,4520,,,,,5050,,,,,6670,,,,,7640,,,,,8080,,,,,8380,,,,,8330,,,,,8650,,,,,10000,,,,,11200,,,,,12600,,,,,14600,,,,,16100,,,,,17300,,,,,17800,,,,,19900,,,,,22600,,,,,26000,,,,,29600,,,,,32300,,,,,34100,,,,,35900,,,,,38100,,,,,40600,,,,,43100
Trinidad and Tobago,35200,,,,,38000,,,,,43200,,,,,47200,,,,,58800,,,,,70900,,,,,79300,,,,,85100,,,,,101000,,,,,109000,,,,,121000,,,,,141000,,,,,165000,,,,,193000,,,,,227000,,,,,262000,,,,,278000,,,,,293000,,,,,312000,,,,,347000,,,,,368000,,,,,367000,,,,,354000,,,,,346000,,,,,344000,,,,,345000,,,,,341000,,,,,334000,,,,,327000,,,,,320000,,,,,316000
Tunisia,219000,,,,,220000,,,,,230000,,,,,240000,,,,,271000,,,,,317000,,,,,359000,,,,,473000,,,,,615000,,,,,796000,,,,,935000,,,,,1010000,,,,,1100000,,,,,1320000,,,,,1590000,,,,,1930000,,,,,2270000,,,,,2570000,,,,,2910000,,,,,3300000,,,,,3680000,,,,,3920000,,,,,4030000,,,,,4070000,,,,,4140000,,,,,4350000,,,,,4520000,,,,,4630000,,,,,4680000,,,,,4680000,,,,,4690000
Turkey,1080000,,,,,1190000,,,,,1490000,,,,,1770000,,,,,2100000,,,,,2560000,,,,,2640000,,,,,2960000,,,,,3920000,,,,,4840000,,,,,5660000,,,,,6490000,,,,,7490000,,,,,8980000,,,,,10800000,,,,,12800000,,,,,15000000,,,,,17600000,,,,,20400000,,,,,23100000,,,,,25400000,,,,,27400000,,,,,29300000,,,,,30700000,,,,,31800000,,,,,32700000,,,,,33300000,,,,,33500000,,,,,33500000,,,,,33400000,,,,,33100000
Turkmenistan,108000,,,,,108000,,,,,113000,,,,,127000,,,,,142000,,,,,153000,,,,,153000,,,,,167000,,,,,228000,,,,,259000,,,,,296000,,,,,288000,,,,,309000,,,,,379000,,,,,489000,,,,,609000,,,,,722000,,,,,830000,,,,,951000,,,,,1080000,,,,,1250000,,,,,1410000,,,,,1470000,,,,,1510000,,,,,1580000,,,,,1750000,,,,,1900000,,,,,2000000,,,,,2060000,,,,,2110000,,,,,2170000
Uganda,229000,,,,,243000,,,,,270000,,,,,318000,,,,,376000,,,,,434000,,,,,507000,,,,,595000,,,,,751000,,,,,863000,,,,,917000,,,,,1030000,,,,,1160000,,,,,1340000,,,,,1560000,,,,,1860000,,,,,2320000,,,,,2970000,,,,,3830000,,,,,4880000,,,,,6170000,,,,,7790000,,,,,9770000,,,,,12200000,,,,,15100000,,,,,18400000,,,,,22100000,,,,,26100000,,,,,30400000,,,,,34900000,,,,,39500000
Ukraine,3640000,,,,,3850000,,,,,4200000,,,,,5040000,,,,,5960000,,,,,6840000,,,,,6790000,,,,,7220000,,,,,9420000,,,,,9310000,,,,,10100000,,,,,9550000,,,,,9600000,,,,,10000000,,,,,10500000,,,,,10900000,,,,,10800000,,,,,11000000,,,,,11300000,,,,,11800000,,,,,12200000,,,,,12000000,,,,,11300000,,,,,10500000,,,,,10100000,,,,,9950000,,,,,9820000,,,,,9700000,,,,,9570000,,,,,9430000,,,,,9340000
United Arab Emirates,3780,,,,,4270,,,,,4830,,,,,4540,,,,,5060,,,,,14900,,,,,20000,,,,,26900,,,,,35900,,,,,44100,,,,,54200,,,,,77300,,,,,128000,,,,,179000,,,,,312000,,,,,572000,,,,,896000,,,,,1340000,,,,,1750000,,,,,2110000,,,,,2460000,,,,,2770000,,,,,3130000,,,,,3490000,,,,,3860000,,,,,4180000,,,,,4350000,,,,,4470000,,,,,4570000,,,,,4670000,,,,,4750000
United Kingdom,7170000,,,,,7440000,,,,,7870000,,,,,8550000,,,,,9200000,,,,,9710000,,,,,9740000,,,,,9950000,,,,,11900000,,,,,12000000,,,,,12300000,,,,,12800000,,,,,14300000,,,,,15400000,,,,,16700000,,,,,18400000,,,,,20000000,,,,,21000000,,,,,21900000,,,,,22800000,,,,,23700000,,,,,24400000,,,,,24800000,,,,,25000000,,,,,25600000,,,,,26300000,,,,,27000000,,,,,27600000,,,,,28100000,,,,,28600000,,,,,29100000
United States,17900000,,,,,20200000,,,,,22000000,,,,,24200000,,,,,26300000,,,,,28400000,,,,,31600000,,,,,33800000,,,,,42600000,,,,,43600000,,,,,45600000,,,,,49200000,,,,,56700000,,,,,65800000,,,,,75800000,,,,,85000000,,,,,91700000,,,,,96400000,,,,,100000000,,,,,104000000,,,,,108000000,,,,,114000000,,,,,119000000,,,,,124000000,,,,,129000000,,,,,132000000,,,,,136000000,,,,,139000000,,,,,143000000,,,,,146000000,,,,,149000000
Uruguay,232000,,,,,245000,,,,,264000,,,,,291000,,,,,320000,,,,,354000,,,,,377000,,,,,409000,,,,,514000,,,,,553000,,,,,576000,,,,,594000,,,,,622000,,,,,657000,,,,,704000,,,,,754000,,,,,795000,,,,,852000,,,,,915000,,,,,957000,,,,,1010000,,,,,1070000,,,,,1120000,,,,,1150000,,,,,1180000,,,,,1200000,,,,,1210000,,,,,1210000,,,,,1210000,,,,,1210000,,,,,1200000
Uzbekistan,549000,,,,,626000,,,,,755000,,,,,862000,,,,,941000,,,,,980000,,,,,944000,,,,,981000,,,,,1360000,,,,,1510000,,,,,1700000,,,,,1740000,,,,,1770000,,,,,2190000,,,,,2850000,,,,,3640000,,,,,4310000,,,,,5030000,,,,,5820000,,,,,6810000,,,,,8040000,,,,,9180000,,,,,9790000,,,,,10000000,,,,,10500000,,,,,11100000,,,,,11600000,,,,,11900000,,,,,12000000,,,,,12100000,,,,,12200000
Vanuatu,1930,,,,,2120,,,,,2370,,,,,2730,,,,,3620,,,,,4140,,,,,4810,,,,,5800,,,,,7750,,,,,8760,,,,,9340,,,,,10900,,,,,13600,,,,,17100,,,,,20800,,,,,26400,,,,,31900,,,,,38100,,,,,45500,,,,,55100,,,,,66200,,,,,75500,,,,,86700,,,,,97200,,,,,111000,,,,,123000,,,,,136000,,,,,148000,,,,,160000,,,,,172000,,,,,183000
Venezuela,194000,,,,,233000,,,,,288000,,,,,361000,,,,,454000,,,,,573000,,,,,714000,,,,,867000,,,,,1130000,,,,,1340000,,,,,1620000,,,,,1970000,,,,,2400000,,,,,2920000,,,,,3620000,,,,,4530000,,,,,5430000,,,,,6230000,,,,,7100000,,,,,8020000,,,,,9030000,,,,,9940000,,,,,10800000,,,,,11500000,,,,,12300000,,,,,13000000,,,,,13500000,,,,,14000000,,,,,14300000,,,,,14500000,,,,,14700000
Vietnam,1640000,,,,,1950000,,,,,2320000,,,,,2830000,,,,,3210000,,,,,3390000,,,,,3820000,,,,,4310000,,,,,5570000,,,,,6380000,,,,,6940000,,,,,7280000,,,,,7850000,,,,,9620000,,,,,12300000,,,,,15400000,,,,,18600000,,,,,22000000,,,,,25300000,,,,,28800000,,,,,32400000,,,,,35500000,,,,,36500000,,,,,36700000,,,,,37200000,,,,,37900000,,,,,38400000,,,,,38700000,,,,,38600000,,,,,38300000,,,,,38200000
Yemen,259000,,,,,258000,,,,,262000,,,,,269000,,,,,284000,,,,,305000,,,,,340000,,,,,384000,,,,,467000,,,,,702000,,,,,773000,,,,,872000,,,,,1030000,,,,,1210000,,,,,1420000,,,,,1660000,,,,,1920000,,,,,2260000,,,,,2860000,,,,,3690000,,,,,4760000,,,,,5970000,,,,,7010000,,,,,7980000,,,,,9000000,,,,,10100000,,,,,11200000,,,,,12200000,,,,,13000000,,,,,13700000,,,,,14300000
Zambia,96400,,,,,104000,,,,,120000,,,,,142000,,,,,169000,,,,,202000,,,,,238000,,,,,278000,,,,,341000,,,,,382000,,,,,427000,,,,,475000,,,,,530000,,,,,598000,,,,,688000,,,,,821000,,,,,1020000,,,,,1320000,,,,,1720000,,,,,2200000,,,,,2750000,,,,,3410000,,,,,4220000,,,,,5190000,,,,,6250000,,,,,7430000,,,,,8770000,,,,,10300000,,,,,11900000,,,,,13600000,,,,,15400000
Zimbabwe,140000,,,,,163000,,,,,186000,,,,,211000,,,,,236000,,,,,267000,,,,,314000,,,,,362000,,,,,465000,,,,,521000,,,,,560000,,,,,588000,,,,,599000,,,,,669000,,,,,753000,,,,,856000,,,,,998000,,,,,1240000,,,,,1650000,,,,,2230000,,,,,2870000,,,,,3530000,,,,,4190000,,,,,4890000,,,,,5730000,,,,,6720000,,,,,7630000,,,,,8450000,,,,,9200000,,,,,9920000,,,,,10600000
