year_num,tm,attend_g,est_payroll,pay_index,w,l,w_l_percent
1999,ANA,27816,55633166,111.00072576336923,70,92,0.432
1999,ARI,37280,68703999,137.07998843434137,100,62,0.617
1999,ATL,40554,73341000,146.3318522661691,103,59,0.636
1999,BAL,42385,80805863,161.22593919848788,78,84,0.481
1999,BOS,30200,64097500,127.8889829785628,94,68,0.58
1999,CHC,34739,62343000,124.38835938737924,67,95,0.414
1999,CHW,16529,25820000,51.51672905349649,75,86,0.466
1999,CIN,25137,33962761,67.76337553623772,96,67,0.589
1999,CLE,42820,73679962,147.00815797931517,97,65,0.599
1999,COL,42976,61935837,123.57597728235955,72,90,0.444
1999,DET,25018,36689666,73.20416662994897,69,92,0.429
1999,FLA,17118,21085000,42.06933509267907,64,98,0.395
1999,HOU,33000,55114000,109.9648723878546,97,65,0.599
1999,KCR,18826,26660000,53.19271868962884,64,97,0.398
1999,LAD,38214,81062453,161.7378941755536,77,85,0.475
1999,MIL,21272,43377395,86.54769578859386,74,87,0.46
1999,MIN,14850,22107500,44.10945342951874,63,97,0.394
1999,MON,9547,17903000,35.720526732949175,68,94,0.42
1999,NYM,33650,68852092,137.37546740241726,97,66,0.595
1999,NYY,40651,86934359,173.45367227120042,98,64,0.605
1999,OAK,17711,24831833,49.545112802582224,87,75,0.537
1999,PHI,22535,31897500,63.64271359348972,77,85,0.475
1999,PIT,20223,25047666,49.97574836345765,78,83,0.484
1999,SDP,31155,49768179,99.29875263473718,74,88,0.457
1999,SEA,36004,54125003,107.99160009956177,79,83,0.488
1999,SFG,25659,46798057,93.37268871801258,86,76,0.531
1999,STL,40317,49988195,99.73773422495539,75,86,0.466
1999,TBD,19294,38870000,77.5544251862668,69,93,0.426
1999,TEX,34216,76709931,153.0536301719369,95,67,0.586
1999,TOR,26709,45444333,90.67170372493685,84,78,0.518
2000,ANA,25518,52664167,93.72140075094408,82,80,0.506
2000,ARI,36324,81027833,144.19751495497064,85,77,0.525
2000,ATL,39930,84737836,150.79985384604632,95,67,0.586
2000,BAL,40704,82347435,146.54588491729717,74,88,0.457
2000,BOS,31925,79975333,142.3244809755218,85,77,0.525
2000,CHC,34438,60539333,107.73608342248826,65,97,0.401
2000,CHW,24047,31743500,56.49088278065033,95,67,0.586
2000,CIN,31431,46867200,83.40509085190024,85,77,0.525
2000,CLE,42670,76972271,136.9802176326319,90,72,0.556
2000,COL,40681,61111190,108.75376284518251,82,80,0.506
2000,DET,30106,59645167,106.14482137852832,79,83,0.488
2000,FLA,15041,20347000,36.20961746303629,79,82,0.491
2000,HOU,37730,51289111,91.27434458786094,72,90,0.444
2000,KCR,19319,24903000,44.317496617781124,77,85,0.475
2000,LAD,35559,88124286,156.82639628757084,86,76,0.531
2000,MIL,19427,37305333,66.38874710085928,73,89,0.451
2000,MIN,12355,17529500,31.19558113325279,69,93,0.426
2000,MON,11435,32994333,58.71687110522604,67,95,0.414
2000,NYM,34821,79509776,141.4959735357401,94,68,0.58
2000,NYY,38193,93113260,165.70479802114505,87,74,0.54
2000,OAK,19799,33172333,59.03364074735611,91,70,0.565
2000,PHI,19911,47513000,84.55435958722381,65,97,0.401
2000,PIT,21591,31328334,55.752051402871835,69,93,0.426
2000,SDP,29043,55021000,97.91563190808077,76,86,0.469
2000,SEA,35983,60495000,107.65718820594586,91,71,0.562
2000,SFG,40973,53737826,95.63208938689759,97,65,0.599
2000,STL,41191,61653863,109.71950628340525,95,67,0.586
2000,TBD,18121,63265129,112.58692288001393,69,92,0.429
2000,TEX,31956,70795921,125.98875595190138,71,91,0.438
2000,TOR,21058,46038332,81.93003343766955,83,79,0.512
2001,ANA,24703,47735167,72.72687847889175,75,87,0.463
2001,ARI,33783,85082999,129.6281403790348,92,70,0.568
2001,ATL,34858,91936166,140.06927790777854,88,74,0.543
2001,BAL,38686,74279540,113.16853838697116,63,98,0.391
2001,BOS,32412,110035833,167.64501221739997,82,79,0.509
2001,CHC,34314,64715833,98.59775964020933,88,74,0.543
2001,CHW,21805,65653667,100.02659593927106,83,79,0.512
2001,CIN,23207,48986000,74.63258417357147,66,96,0.407
2001,CLE,39694,93360001,142.23856067197192,91,71,0.562
2001,COL,39097,71541334,108.99674665505637,73,89,0.451
2001,DET,23720,53416167,81.38216183924082,66,96,0.407
2001,FLA,15765,35762500,54.485930500701215,76,86,0.469
2001,HOU,35855,60612667,92.34638410693174,93,69,0.574
2001,KCR,18968,35422500,53.96792375144604,65,97,0.401
2001,LAD,37249,109105953,166.22829422917226,86,76,0.531
2001,MIL,34704,43886833,66.86375205127943,68,94,0.42
2001,MIN,22011,24130000,36.7632437044927,85,77,0.525
2001,MON,7935,35159500,53.567230295404535,68,94,0.42
2001,NYM,32819,93174428,141.9558310646792,82,80,0.506
2001,NYY,40811,112787143,171.83676853885075,95,65,0.594
2001,OAK,26337,33810750,51.512343227587095,102,60,0.63
2001,PHI,22001,41663833,63.47690204070806,86,76,0.531
2001,PIT,30430,57760833,88.00147451941585,62,100,0.383
2001,SDP,29360,39182833,59.69697632040775,79,83,0.488
2001,SEA,43300,74720834,113.84087153522356,116,46,0.716
2001,SFG,40888,63280167,96.41045176469113,90,72,0.556
2001,STL,37922,79373333,120.92918295552644,93,69,0.574
2001,TBD,16029,56980000,86.8118369781183,62,100,0.383
2001,TEX,34525,88633500,135.0375035591444,73,89,0.451
2001,TOR,23359,76895999,117.15484256682251,80,82,0.494
2002,ANA,28464,61721667,91.26475057866998,99,63,0.611
2002,ARI,39494,102819999,152.03480429707278,98,64,0.605
2002,ATL,32142,93470367,138.2099697785503,101,59,0.631
2002,BAL,33117,64493487,95.3633025660777,67,95,0.414
2002,BOS,32727,108366060,160.2354880838391,93,69,0.574
2002,CHC,33248,75690833,111.92025962028475,67,95,0.414
2002,CHW,20703,57052833,84.36117860445201,81,81,0.5
2002,CIN,22911,45050390,66.61376477115901,78,84,0.481
2002,CLE,32308,78909449,116.67946656860838,74,88,0.457
2002,COL,33800,56851043,84.06280179587893,73,89,0.451
2002,DET,18795,55048000,81.39673203989491,55,106,0.342
2002,FLA,10038,41979917,62.07360948819265,79,83,0.488
2002,HOU,31078,63448417,93.81800968072433,84,78,0.518
2002,KCR,16334,47257000,69.87656892183756,62,100,0.383
2002,LAD,38657,94850953,140.25137343899263,92,70,0.568
2002,MIL,24311,50287833,74.35811051387851,56,106,0.346
2002,MIN,23759,40425000,59.77443127293911,94,67,0.584
2002,MON,10025,38670500,57.18013962993671,83,79,0.512
2002,NYM,34628,94633593,139.92997404798496,75,86,0.466
2002,NYY,43323,125928583,186.2043148999903,103,58,0.64
2002,OAK,26788,40004167,59.15216650519922,103,59,0.636
2002,PHI,20231,57954999,85.69516647244909,80,81,0.497
2002,PIT,22312,42323599,62.58179492019627,72,89,0.447
2002,SDP,27415,41425000,61.25308139719239,66,96,0.407
2002,SEA,43740,80282668,118.70997701358534,93,69,0.574
2002,SFG,40163,78299835,115.77806075176183,95,66,0.59
2002,STL,37182,74660875,110.39731209560908,97,65,0.599
2002,TBD,13157,34380000,50.835991271827986,55,106,0.342
2002,TEX,29042,105726122,156.33194343211812,72,90,0.444
2002,TOR,20221,76864333,113.65545554109599,78,84,0.481
2003,ANA,37330,79031667,111.37170316555137,77,85,0.475
2003,ARI,34636,80657000,113.66212814698538,84,78,0.518
2003,ATL,29643,106243667,149.71894929590292,101,61,0.624
2003,BAL,30303,73877500,104.1084328970692,71,91,0.438
2003,BOS,33632,99946500,140.8449594064083,95,67,0.586
2003,CHC,36576,79868333,112.55073583609732,88,74,0.543
2003,CHW,23945,51010000,71.88347145043485,86,76,0.531
2003,CIN,29077,59355667,83.64421474644223,69,93,0.426
2003,CLE,21358,48584834,68.46591899163138,68,94,0.42
2003,COL,28816,67179667,94.66982307085317,74,88,0.457
2003,DET,16892,49168000,69.28771857037799,43,119,0.265
2003,FLA,16089,49450000,69.6851139624388,91,71,0.562
2003,HOU,30299,71040000,100.10981791489692,87,75,0.537
2003,KCR,22249,40518000,57.09810814014349,83,79,0.512
2003,LAD,38748,105872620,149.19606855817952,85,77,0.525
2003,MIL,20992,40627000,57.25171132359963,68,94,0.42
2003,MIN,24025,55505000,78.21784126360295,90,72,0.556
2003,MON,12662,51948500,73.20600895202735,83,79,0.512
2003,NYM,26757,117176429,165.12543596717128,66,95,0.41
2003,NYY,42263,152749814,215.2555752544253,101,61,0.624
2003,OAK,27365,50260834,70.82774408770919,96,66,0.593
2003,PHI,27901,70780000,99.74342500023091,86,76,0.531
2003,PIT,20207,54812429,77.24186777397544,75,87,0.463
2003,SDP,25063,45210000,63.71009104634698,64,98,0.395
2003,SEA,40352,86959167,122.54316405406973,93,69,0.574
2003,SFG,40307,82852167,116.75556520586474,100,61,0.621
2003,STL,35931,83786666,118.07246448418194,85,77,0.525
2003,TBD,13070,19630000,27.662665057283597,63,99,0.389
2003,TEX,25857,103491667,145.84082121451502,71,91,0.438
2003,TOR,22216,51269000,72.24845516158291,86,76,0.531
2004,ANA,41675,100534667,145.09554206148675,92,70,0.568
2004,ARI,31106,69780750,100.71029276604749,51,111,0.315
2004,ATL,28735,90182500,130.1548919633864,96,66,0.593
2004,BAL,33877,51623333,74.50480225548107,78,84,0.481
2004,BOS,35028,127298500,183.72214691986966,98,64,0.605
2004,CHC,38660,90560000,130.6997146475677,89,73,0.549
2004,CHW,23834,65212500,94.11721666800472,83,79,0.512
2004,CIN,28238,46915250,67.70991373254527,76,86,0.469
2004,CLE,22400,34319300,49.53094872906658,80,82,0.494
2004,COL,28865,65445167,94.45301073280051,68,94,0.42
2004,DET,23667,46832000,67.5897640942457,72,90,0.444
2004,FLA,21539,42143042,60.8224775152436,83,79,0.512
2004,HOU,38122,75397000,108.81588322971136,92,70,0.568
2004,KCR,20768,47609000,68.71116071837511,58,104,0.358
2004,LAD,43065,92902001,134.07978159107827,93,69,0.574
2004,MIL,25462,27528500,39.7302020171772,67,94,0.416
2004,MIN,23599,53890000,77.77614423981252,92,70,0.568
2004,MON,9369,41197500,59.457834520684294,67,95,0.414
2004,NYM,28629,102035970,147.26228094951168,71,91,0.438
2004,NYY,46609,184193950,265.83587350715936,101,61,0.624
2004,OAK,27179,59425667,85.76543418331912,91,71,0.562
2004,PHI,40125,93219167,134.53752789955783,86,76,0.531
2004,PIT,19750,32227929,46.512600750685415,72,89,0.447
2004,SDP,37244,55384833,79.9335453721642,87,75,0.537
2004,SEA,35863,81515834,117.64682247193569,63,99,0.389
2004,SFG,39718,82019166,118.37325079319221,91,71,0.562
2004,STL,37635,84340333,121.72324929749156,105,57,0.648
2004,TBD,15936,29856667,43.09030319376602,70,91,0.435
2004,TEX,31033,55050417,79.45090319268562,89,73,0.549
2004,TOR,23457,50017000,72.18647998594736,67,94,0.416
2005,ARI,25425,62629166,85.83204569312554,77,85,0.475
2005,ATL,31126,86457302,118.48803951450277,90,72,0.556
2005,BAL,32404,73914333,101.29814609750507,74,88,0.457
2005,BOS,35159,123505125,169.26135552140647,95,67,0.586
2005,CHC,38272,87032933,119.27693052886468,79,83,0.488
2005,CHW,28924,75178000,103.02997697778366,99,63,0.611
2005,CIN,23696,61892583,84.82257311428297,73,89,0.451
2005,CLE,24861,41502500,56.87836361063698,93,69,0.574
2005,COL,23634,47839000,65.56241278885037,67,95,0.414
2005,DET,24993,69092000,94.68923314465707,71,91,0.438
2005,FLA,22872,60408834,82.78912416231817,83,79,0.512
2005,HOU,34627,76779000,105.22411612941622,89,73,0.549
2005,KCR,16928,36881000,50.54468835188006,56,106,0.346
2005,LAA,42033,94867822,130.01449249238445,95,67,0.586
2005,LAD,44489,83039000,113.80332355553723,71,91,0.438
2005,MIL,27297,39934833,54.7299066828279,81,81,0.5
2005,MIN,25114,56186000,77.0018128504849,83,79,0.512
2005,NYM,34937,101305821,138.8376440626975,83,79,0.512
2005,NYY,50502,208306817,285.48041394856733,95,67,0.586
2005,OAK,26038,55425762,75.95992155731885,88,74,0.543
2005,PHI,32905,95522000,130.91103063225745,88,74,0.543
2005,PIT,22435,38133000,52.260529837104265,67,95,0.414
2005,SDP,35429,63290833,86.73884736086023,82,80,0.506
2005,SEA,33648,87754334,120.26559647397828,69,93,0.426
2005,SFG,39272,90199500,123.61664859942533,75,87,0.463
2005,STL,43691,92106833,126.23061112940708,100,62,0.617
2005,TBD,14095,29679067,40.67458019277048,67,95,0.414
2005,TEX,31176,55849000,76.53996094911064,79,83,0.488
2005,TOR,24876,45719500,62.65767953970285,80,82,0.494
2005,WSN,33728,48581500,66.57999450033518,81,81,0.5
2006,ARI,25823,59984226,76.97276692747461,76,86,0.469
2006,ATL,31488,90156876,115.69081850380516,79,83,0.488
2006,BAL,26582,72585582,93.14303873123406,70,92,0.432
2006,BOS,36180,120099824,154.1141126132514,86,76,0.531
2006,CHC,38558,94424499,121.16710406116702,66,96,0.407
2006,CHW,36511,102750667,131.8513827724235,90,72,0.556
2006,CIN,26353,60909519,78.16011845600185,80,82,0.494
2006,CLE,24667,56031500,71.90056249282593,78,84,0.481
2006,COL,25980,41233000,52.910878581988555,76,86,0.469
2006,DET,32049,82612866,106.01021808347902,95,67,0.586
2006,FLA,14372,14671500,18.82671537641319,78,84,0.481
2006,HOU,37318,100894435,129.46943467327955,82,80,0.506
2006,KCR,16946,47694000,61.20174236871831,62,100,0.383
2006,LAA,42059,103472000,132.77700940109912,89,73,0.549
2006,LAD,46402,98447187,126.32908491003134,88,74,0.543
2006,MIL,28835,57970333,74.38850558340272,75,87,0.463
2006,MIN,28210,63396006,81.35082036351994,96,66,0.593
2006,NYM,41723,101584963,130.35553180823126,97,65,0.599
2006,NYY,52445,194663079,249.79493457582632,97,65,0.599
2006,OAK,24403,64843079,83.20772875733736,93,69,0.574
2006,PHI,33356,88273333,113.27382447045918,85,77,0.525
2006,PIT,22982,46717750,59.94900196138276,67,95,0.414
2006,SDP,32837,69896141,89.69190283997168,88,74,0.543
2006,SEA,30632,87959833,112.87153600162468,78,84,0.481
2006,SFG,38646,90056419,115.56191039307562,76,85,0.472
2006,STL,42589,88891371,114.06690121910844,83,78,0.515
2006,TBD,16901,34917967,44.80732210285168,61,101,0.377
2006,TEX,29491,68228662,87.55216576270308,80,82,0.494
2006,TOR,28422,71365000,91.57676739513528,87,75,0.537
2006,WSN,26581,63143000,81.02615881217721,71,91,0.438
2007,ARI,28707,52067546,62.50108087131678,90,72,0.556
2007,ATL,33891,87290833,104.7825724810923,84,78,0.518
2007,BAL,26726,93174808,111.8456055136037,69,93,0.426
2007,BOS,36676,143026214,171.6864660364877,96,66,0.593
2007,CHC,40154,101670332,122.04350177259413,85,77,0.525
2007,CHW,33141,108671833,130.44799581618906,72,90,0.444
2007,CIN,25415,68524980,82.25633135629947,72,90,0.444
2007,CLE,28449,61673267,74.03164052258796,96,66,0.593
2007,COL,28979,54041000,64.86998468041551,90,73,0.552
2007,DET,37619,95180369,114.25305007135871,88,74,0.543
2007,FLA,16920,30507000,36.62013328112796,71,91,0.438
2007,HOU,37289,87759000,105.34455294255447,73,89,0.451
2007,KCR,19961,67691500,81.2558347919977,69,93,0.426
2007,LAA,41551,109251333,131.14361869737746,94,68,0.58
2007,LAD,47618,108454524,130.18714143708956,82,80,0.506
2007,MIL,35422,70986500,85.21110208020423,83,79,0.512
2007,MIN,28350,71439500,85.75487630829453,79,83,0.488
2007,NYM,47580,116181663,139.46268016793172,88,74,0.543
2007,NYY,52729,207039045,248.5264831775478,94,68,0.58
2007,OAK,23726,79366940,95.27085327679832,76,86,0.469
2007,PHI,38374,89428213,107.34825053768317,89,73,0.549
2007,PIT,21594,38537833,46.26022161555877,68,94,0.42
2007,SDP,34445,58110567,69.75503027442608,89,74,0.546
2007,SEA,32588,106460833,127.79394544464897,88,74,0.543
2007,SFG,39793,90219056,108.29756630339094,71,91,0.438
2007,STL,43854,90286823,108.37891276722095,78,84,0.481
2007,TBD,17131,24623500,29.557670431306075,66,96,0.407
2007,TEX,29060,68643675,82.39881100752062,75,87,0.463
2007,TOR,29144,81942800,98.36287597694997,83,79,0.512
2007,WSN,23998,36947500,44.35121035842513,73,89,0.451
2008,ARI,30987,66202712,73.71993190860154,82,80,0.506
2008,ATL,31270,102365683,113.9891547122343,72,90,0.444
2008,BAL,24376,67196246,74.826280222986,68,93,0.422
2008,BOS,37633,133390035,148.53627593815153,95,67,0.586
2008,CHC,40743,120345833,134.0109241180925,97,64,0.603
2008,CHW,30496,121189332,134.95020118041242,89,74,0.546
2008,CIN,25415,74167695,82.58932693298013,74,88,0.457
2008,CLE,26787,78970066,87.93700004824227,81,81,0.5
2008,COL,32719,68655500,76.45123035368992,74,88,0.457
2008,DET,39539,138785196,154.54404948005632,74,88,0.457
2008,FLA,16482,21811500,24.288163524546583,84,77,0.522
2008,HOU,34744,87946807,97.93303669521757,86,75,0.534
2008,KCR,19493,59445500,66.19544849269577,75,87,0.463
2008,LAA,41194,119216333,132.75317106575883,100,62,0.617
2008,LAD,46056,118588536,132.05408864610774,84,78,0.518
2008,MIL,37882,80937499,90.1278321518385,90,72,0.556
2008,MIN,28425,56932766,63.397397268080866,88,75,0.54
2008,NYM,49902,137793376,153.4396097878336,89,73,0.549
2008,NYY,53070,212286789,236.39163951736086,89,73,0.549
2008,OAK,20559,47967126,53.41372212321619,75,86,0.466
2008,PHI,42254,97879880,108.99399542456945,92,70,0.568
2008,PIT,19865,48689783,54.21843575538997,67,95,0.414
2008,SDP,29970,73677616,82.04360018828369,63,99,0.389
2008,SEA,28762,117666482,131.0273367798692,61,101,0.377
2008,SFG,35356,76594500,85.2916920468965,72,90,0.444
2008,STL,42382,99624449,110.93665765100297,86,76,0.531
2008,TBR,22370,44970597,50.07694169279894,97,65,0.599
2008,TEX,24021,68037326,75.76286361143822,79,83,0.488
2008,TOR,29627,97793900,108.89825252289647,86,76,0.531
2008,WSN,29005,54961000,61.20174015875134,59,102,0.366
2009,ARI,26281,75920666,81.58701342497658,70,92,0.432
2009,ATL,29304,99593166,107.02631311845869,86,76,0.531
2009,BAL,23545,69904166,75.12147127244367,64,98,0.395
2009,BOS,37811,125439499,134.80169008179323,95,67,0.586
2009,CHC,39611,139652000,150.07494268852736,83,78,0.515
2009,CHW,28200,101081000,108.62519177597912,79,83,0.488
2009,CIN,21579,78979000,84.8736065262023,78,84,0.481
2009,CLE,21805,85224866,91.58563343587936,65,97,0.401
2009,COL,32902,79250200,85.1650475686301,92,70,0.568
2009,DET,31693,119510145,128.42979808074782,86,77,0.528
2009,FLA,18075,40029000,43.0165689061314,87,75,0.537
2009,HOU,31124,105804414,113.70113830982172,74,88,0.457
2009,KCR,22196,76817333,82.55060326712487,65,97,0.401
2009,LAA,40005,118169000,126.98855657320046,97,65,0.599
2009,LAD,46440,102117592,109.73914993620156,95,67,0.586
2009,MIL,37499,81384502,87.45864343786226,80,82,0.494
2009,MIN,29466,67804266,72.8648450003413,87,76,0.534
2009,NYM,39118,151994237,163.3383439317836,70,92,0.432
2009,NYY,45918,210330039,226.02804505915222,103,59,0.636
2009,OAK,17392,65945000,70.86681247382735,75,87,0.463
2009,PHI,44453,115479046,124.09783755460583,93,69,0.574
2009,PIT,19480,51912500,55.78699526192376,62,99,0.385
2009,SDP,23699,50954200,54.75717243390543,75,87,0.463
2009,SEA,27105,100134166,107.60769071415723,85,77,0.525
2009,SFG,35335,91944450,98.80673434163614,88,74,0.543
2009,STL,41275,90928409,97.71486100760444,91,71,0.562
2009,TBR,23148,67270334,72.29106292561576,84,78,0.518
2009,TEX,26617,79723548,85.67372394971831,87,75,0.537
2009,TOR,23162,83964500,90.23119987806015,75,87,0.463
2009,WSN,22435,64384000,69.18930706368792,59,103,0.364
2010,ARI,25391,61368166,66.76548328444805,65,97,0.401
2010,ATL,30989,84423666,91.84870965729732,91,71,0.562
2010,BAL,21395,81612500,88.79030219922193,66,96,0.407
2010,BOS,37610,164507333,178.97571831592018,89,73,0.549
2010,CHC,37814,146609002,159.50323287126767,75,87,0.463
2010,CHW,27091,107195000,116.62277769025083,88,74,0.543
2010,CIN,25439,75321542,81.94605576708699,91,71,0.562
2010,CLE,17181,61203966,66.58684192900479,69,93,0.426
2010,COL,35497,90677000,98.65202306655043,83,79,0.512
2010,DET,30386,124039928,134.9492135627475,81,81,0.5
2010,FLA,18826,57454719,62.50784944440346,80,82,0.494
2010,HOU,28784,93216000,101.41432758220456,76,86,0.469
2010,KCR,19942,73105210,79.53479783412565,67,95,0.414
2010,LAA,40134,104963866,114.19541592450464,80,82,0.494
2010,LAD,43979,95358016,103.74473343860609,80,82,0.494
2010,MIL,34278,81108278,88.24173398043808,77,85,0.475
2010,MIN,39798,97559166,106.13947411786255,94,68,0.58
2010,NYM,31602,134422942,146.24541145888782,79,83,0.488
2010,NYY,46491,210733389,229.26734621260456,95,67,0.586
2010,OAK,17511,57904900,62.99762376861051,81,81,0.5
2010,PHI,44968,141928379,154.41095006347928,97,65,0.599
2010,PIT,19919,37443000,40.73610396992454,57,105,0.352
2010,SDP,26318,37799300,41.12374047993934,90,72,0.556
2010,SEA,25749,86510000,94.1185362935174,61,101,0.377
2010,SFG,37499,98641333,107.31681747776483,92,70,0.568
2010,STL,40756,93540751,101.76764036430903,86,76,0.531
2010,TBR,23025,71923471,78.24912513777883,96,66,0.593
2010,TEX,30928,56474374,61.441283307972206,90,72,0.556
2010,TOR,19173,62734000,68.25144209730112,85,77,0.525
2010,WSN,22569,67701000,73.65528870196997,69,93,0.426
2011,ARI,25993,54823166,57.26142341222666,94,68,0.58
2011,ATL,29296,93855132,98.02933403850525,89,73,0.549
2011,BAL,21672,88299038,92.22613305131433,69,93,0.426
2011,BOS,37704,166662475,174.0747797729274,90,72,0.556
2011,CHC,37259,136547329,142.62026424518456,71,91,0.438
2011,CHW,24705,127789000,133.4724090255027,79,83,0.488
2011,CIN,27328,77297134,80.73491995200754,79,83,0.488
2011,CLE,22726,49426566,51.62480991226166,80,82,0.494
2011,COL,35923,91648071,95.72411411710173,73,89,0.451
2011,DET,32618,106875231,111.62850125384098,95,67,0.586
2011,FLA,18772,57694000,60.25993760274635,72,90,0.444
2011,HOU,25519,71110500,74.27313573162017,56,106,0.346
2011,KCR,21290,35712000,37.300289313780944,71,91,0.438
2011,LAA,39090,138543166,144.7048659903444,86,76,0.531
2011,LAD,36236,103785477,108.40133060788413,82,79,0.509
2011,MIL,37918,86636333,90.48947933425927,96,66,0.593
2011,MIN,39113,112737000,117.75097212051193,63,99,0.389
2011,NYM,29044,151897309,158.65293379493676,77,85,0.475
2011,NYY,45107,206275028,215.4490989753658,97,65,0.599
2011,OAK,18232,67094000,70.07800210626172,74,88,0.457
2011,PHI,45441,172976379,180.6694943198427,102,60,0.63
2011,PIT,23956,45047000,47.05046294572945,72,90,0.444
2011,SDP,26457,45869140,47.909167578806056,71,91,0.438
2011,SEA,23411,86110600,89.94036438685218,67,95,0.414
2011,SFG,41819,124198333,129.7220473003278,86,76,0.531
2011,STL,38197,105433572,110.12272454596084,90,72,0.556
2011,TBR,18879,41053571,42.87942640187744,91,71,0.562
2011,TEX,36382,93799264,97.97098131215606,96,66,0.593
2011,TOR,22446,64567800,67.43944949468931,81,81,0.5
2011,WSN,24256,68492928,71.53914735517381,80,81,0.497
2012,ARI,26884,67069833,68.20447107701646,81,81,0.5
2012,ATL,29879,86208000,87.6664035022636,94,68,0.58
2012,BAL,25954,77949000,79.2676838181833,93,69,0.574
2012,BOS,37568,110386000,112.25342911331744,69,93,0.426
2012,CHC,35590,86159366,87.61694674804208,61,101,0.377
2012,CHW,24271,118208000,120.20775595299249,85,77,0.525
2012,CIN,28978,80309500,81.6681170200566,97,65,0.599
2012,CLE,19797,78911300,80.24626330141255,68,94,0.42
2012,COL,32475,75485000,76.76199967947717,64,98,0.395
2012,DET,37383,131394000,133.61682699722095,88,74,0.543
2012,HOU,19849,37651000,38.28795191007479,55,107,0.34
2012,KCR,21480,61747075,62.79166657426843,72,90,0.444
2012,LAA,37800,141073500,143.4600776549344,89,73,0.549
2012,LAD,41040,177033600,180.0285241631674,86,76,0.531
2012,MIA,27401,107678000,109.49961716217452,69,93,0.426
2012,MIL,34955,95717000,97.33626976645051,83,79,0.512
2012,MIN,34276,99066000,100.7419256838721,66,96,0.407
2012,NYM,27689,91621424,93.17140782567719,74,88,0.457
2012,NYY,43733,197977900,201.32714441734865,95,67,0.586
2012,OAK,20729,61202500,62.2378788551792,94,68,0.58
2012,PHI,44021,171501558,174.40289514772255,81,81,0.5
2012,PIT,25826,70077000,71.262511115304,79,83,0.488
2012,SDP,26219,55494700,56.43351849523325,76,86,0.469
2012,SEA,21258,78235600,79.55913230607014,75,87,0.463
2012,SFG,41696,117637350,119.62745211624221,94,68,0.58
2012,STL,40273,112071000,113.96693470330115,88,74,0.543
2012,TBR,19255,63368700,64.44072503264073,90,72,0.556
2012,TEX,42720,124119900,126.21966912653824,93,69,0.574
2012,TOR,25922,82352700,83.74588237403565,73,89,0.451
2012,WSN,29269,92386000,93.94891835978245,98,64,0.605
2013,ARI,26357,80060500,76.23048089077726,81,81,0.5
2013,ATL,31465,95618750,91.044438826575,96,66,0.593
2013,BAL,29106,100832000,96.00829184402862,85,77,0.525
2013,BOS,34979,175395500,167.00474405079063,97,65,0.599
2013,CHC,32626,67874166,64.62712966119926,66,96,0.407
2013,CHW,21832,81401900,77.50770957492098,63,99,0.389
2013,CIN,31151,106255535,101.17237002462905,90,72,0.556
2013,CLE,19419,87342433,83.1640530568819,92,70,0.568
2013,COL,34492,73768000,70.23900817945,74,88,0.457
2013,DET,38067,154407000,147.0203141736842,93,69,0.574
2013,HOU,20394,14672300,13.970390951514808,51,111,0.315
2013,KCR,21614,87426250,83.24386033034162,86,76,0.531
2013,LAA,37278,116532500,110.95769467345946,78,84,0.481
2013,LAD,46216,254161000,242.00217652501345,92,70,0.568
2013,MIA,19584,24761900,23.57731396592998,62,100,0.383
2013,MIL,31248,86945000,82.78563287824369,74,88,0.457
2013,MIN,30588,63042500,60.02660602365493,66,96,0.407
2013,NYM,26366,69425860,66.10459207793828,74,88,0.457
2013,NYY,40489,246534750,234.74075916072908,85,77,0.525
2013,OAK,22337,69440000,66.11805563362174,96,66,0.593
2013,PHI,37190,150860000,143.64299932154628,73,89,0.451
2013,PIT,27862,99230000,94.48293001907092,94,68,0.58
2013,SDP,26749,65988600,62.83176736729279,76,86,0.469
2013,SEA,21747,78887000,75.11312002836287,71,91,0.438
2013,SFG,41087,139845667,133.1555816651345,76,86,0.469
2013,STL,41602,112583000,107.19713504320328,97,65,0.599
2013,TBR,18646,71163500,67.75910501271947,92,71,0.564
2013,TEX,38759,139261200,132.599075017352,91,72,0.558
2013,TOR,31316,124517800,118.56098542304412,74,88,0.457
2013,WSN,32746,112493250,107.11167859888995,86,76,0.531
2014,ARI,25602,89926500,79.37331142146503,64,98,0.395
2014,ATL,29065,108081500,95.39775881858043,79,83,0.488
2014,BAL,30426,109097500,96.2945276731918,96,66,0.593
2014,BOS,36495,134628929,118.82975438669696,71,91,0.438
2014,CHC,32742,59800500,52.78270264782149,73,89,0.451
2014,CHW,20381,87475500,77.20994482436618,73,89,0.451
2014,CIN,30576,102230000,90.23295276271588,76,86,0.469
2014,CLE,17746,73509399,64.88281451220419,85,77,0.525
2014,COL,33090,95403500,84.2075663591682,66,96,0.407
2014,DET,36015,169135500,149.28685886724378,90,72,0.556
2014,HOU,21628,44736800,39.486780408442414,70,92,0.432
2014,KCR,24154,89804075,79.26525342242388,89,73,0.549
2014,LAA,38221,128667000,113.56747855933058,98,64,0.605
2014,LAD,46696,233386026,205.99736143535145,94,68,0.58
2014,MIA,21386,42365400,37.39367247357491,77,85,0.475
2014,MIL,34536,109567000,96.70893020984536,82,80,0.506
2014,MIN,27785,87044000,76.82908285510948,70,92,0.432
2014,NYM,26528,82663615,72.96275132045713,79,83,0.488
2014,NYY,41995,258118959,227.82779844085294,84,78,0.518
2014,OAK,24736,89160900,78.69755725306891,88,74,0.543
2014,PHI,29924,176444967,155.73853440800121,73,89,0.451
2014,PIT,30155,80729000,71.25517014165402,88,74,0.543
2014,SDP,27103,76662100,67.6655350483283,77,85,0.475
2014,SEA,25486,95471000,84.2671449986232,87,75,0.537
2014,SFG,41589,163510167,144.32167832470688,88,74,0.543
2014,STL,43712,129932500,114.68446771829777,90,72,0.556
2014,TBR,17858,77814300,68.68252035766216,77,85,0.475
2014,TEX,33565,129801239,114.56861065469035,67,95,0.414
2014,TOR,29327,136466200,120.45141522358738,83,79,0.512
2014,WSN,31844,137235080,121.13006447253775,96,66,0.593
2015,ARI,25681,64434000,52.515056610512175,79,83,0.488
2015,ATL,24709,104037500,84.79273678672999,67,95,0.414
2015,BAL,29246,112989833,92.0890752771412,81,81,0.5
2015,BOS,35564,183931900,149.9083425051846,78,84,0.481
2015,CHC,36039,115306610,93.97729695062,97,65,0.599
2015,CHW,21677,112889700,92.0074647894549,76,86,0.469
2015,CIN,29870,111572286,90.93374484673085,64,98,0.395
2015,CLE,17361,59163766,48.219705757536325,81,80,0.503
2015,COL,30948,96438600,78.59947447680634,68,94,0.42
2015,DET,33655,172284750,140.4156718406111,74,87,0.46
2015,HOU,26587,93256200,76.00575196761407,86,76,0.531
2015,KCR,33439,121590475,99.0987782525385,95,67,0.586
2015,LAA,37195,131522500,107.1935861975989,85,77,0.525
2015,LAD,46479,265140429,216.0949908227098,92,70,0.568
2015,MIA,21633,71231500,58.055161171923174,71,91,0.438
2015,MIL,31390,70869500,57.76012360646076,68,94,0.42
2015,MIN,27408,107755000,87.82257697901325,83,79,0.512
2015,NYM,31725,98874473,80.58476187928046,90,72,0.556
2015,NYY,39430,214051957,174.45681844128748,87,75,0.537
2015,OAK,21829,64016001,52.17437868972288,68,94,0.42
2015,PHI,22606,103082167,84.01412042616118,63,99,0.389
2015,PIT,30847,104457499,85.13504474931743,98,64,0.605
2015,SDP,30367,125203700,102.04363214057149,74,88,0.457
2015,SEA,27081,130681400,106.50807211939326,76,86,0.469
2015,SFG,41678,180018166,146.71856750179376,84,78,0.518
2015,STL,43468,128241500,104.5195026277586,100,62,0.617
2015,TBR,15322,64571233,52.6269043735539,80,82,0.494
2015,TEX,30764,178860789,145.77528105869376,88,74,0.543
2015,TOR,34505,117917400,96.10514536369632,93,69,0.574
2015,WSN,32344,176496372,143.8482317895834,83,79,0.512
2016,ARI,25138,78399500,62.53596306108983,69,93,0.426
2016,ATL,24950,74999750,59.82412637313978,68,93,0.422
2016,BAL,26819,153744833,122.63574636727816,89,73,0.549
2016,BOS,36487,218682750,174.4339744015911,93,69,0.574
2016,CHC,39906,176097333,140.46538959616367,103,58,0.64
2016,CHW,21559,113416000,90.46714311362398,78,84,0.481
2016,CIN,23384,77329561,61.682518003638954,68,94,0.42
2016,CLE,19650,94511067,75.38747816983764,94,67,0.584
2016,COL,32130,89707000,71.55547724566081,75,87,0.463
2016,DET,31173,199902000,159.45336498112843,86,75,0.534
2016,HOU,28477,89498000,71.38876679113282,84,78,0.518
2016,KCR,31577,125132675,99.81303887824996,81,81,0.5
2016,LAA,37236,139712000,111.44234939241935,74,88,0.457
2016,LAD,45720,231342096,184.53179892641018,91,71,0.562
2016,MIA,21405,72472000,57.80784717967974,79,82,0.491
2016,MIL,28575,52077500,41.540017682688095,73,89,0.451
2016,MIN,24246,93333700,74.44834234344401,59,103,0.364
2016,NYM,34440,155221282,123.81344724707436,87,75,0.537
2016,NYY,37820,193229350,154.130874481577,84,78,0.518
2016,OAK,18784,54969067,43.84649829928216,69,93,0.426
2016,PHI,23644,84846666,67.6785945169628,71,91,0.438
2016,PIT,27768,81187933,64.7601780508069,78,83,0.484
2016,SDP,29030,50656166,40.406279705768966,68,94,0.42
2016,SEA,27999,137169100,109.41398568515024,86,76,0.531
2016,SFG,41546,177021333,141.2024252898664,87,75,0.537
2016,STL,42525,150353500,119.93062356399682,86,76,0.531
2016,TBR,15879,48223791,38.46607711326878,68,94,0.42
2016,TEX,33462,212117760,169.19735972756354,95,67,0.586
2016,TOR,41878,182690767,145.72469284516058,89,73,0.549
2016,WSN,30641,152967400,122.01562096634484,95,67,0.586
2017,ARI,26350,106580200,80.25833760458715,93,69,0.574
2017,ATL,30929,119705250,90.1419247434468,72,90,0.444
2017,BAL,25042,161621633,121.70631679729146,75,87,0.463
2017,BOS,36021,200550750,151.02120093932228,93,69,0.574
2017,CHC,39501,177210667,133.4453635780386,92,70,0.568
2017,CHW,20117,97842000,73.67819039472639,67,95,0.414
2017,CIN,22678,79315786,59.727352080041015,68,94,0.42
2017,CLE,25286,114427167,86.16735754129262,102,60,0.63
2017,COL,36465,106650000,80.31089926205074,87,75,0.537
2017,DET,28662,118375600,89.1406552900592,64,98,0.395
2017,HOU,29675,157656400,118.72036810518121,101,61,0.624
2017,KCR,27412,127555817,96.05365559658303,80,82,0.494
2017,LAA,37279,181125500,136.39335944011788,80,82,0.494
2017,LAD,46492,201466263,151.71061183773858,104,58,0.642
2017,MIA,20295,111591100,84.03170736653944,77,85,0.475
2017,MIL,31282,68439300,51.53700635598002,86,76,0.531
2017,MIN,25324,103932500,78.26453387297786,85,77,0.525
2017,NYM,30378,176615252,132.99699682619507,70,92,0.432
2017,NYY,38950,182424700,137.37169905869507,91,71,0.562
2017,OAK,18219,51560000,38.82634754759809,75,87,0.463
2017,PHI,23523,86276000,64.96861832848279,66,96,0.407
2017,PIT,23697,102953333,77.5271894538712,75,87,0.463
2017,SDP,26401,49248767,37.08591434896586,71,91,0.438
2017,SEA,26364,172438700,129.85191809263,78,84,0.481
2017,SFG,40786,177399833,133.58781169402369,64,98,0.395
2017,STL,42572,129652933,97.63285176926783,83,79,0.512
2017,TBR,15477,79473033,59.84576415670543,80,82,0.494
2017,TEX,30960,207326274,156.1233896445413,78,84,0.481
2017,TOR,39554,158890575,119.64974179572732,76,86,0.469
2017,WSN,31173,175587301,132.22291647732192,97,65,0.599
2018,ARI,27688,134850600,102.05396333622372,82,80,0.506
2018,ATL,31553,115848667,87.67343723030072,90,72,0.556
2018,BAL,19311,141555833,107.12843540192335,47,115,0.29
2018,BOS,35748,222205000,168.16314442149752,108,54,0.667
2018,CHC,38794,205373881,155.4254747238201,95,68,0.583
2018,CHW,19862,75092000,56.82908503813636,62,100,0.383
2018,CIN,20116,94587500,71.58313909663777,67,95,0.414
2018,CLE,23786,143375233,108.50534422467926,91,71,0.562
2018,COL,37233,136658500,103.4221690417642,91,72,0.558
2018,DET,22926,111531000,84.40585792612244,64,98,0.395
2018,HOU,36797,172781200,130.75956836668684,103,59,0.636
2018,KCR,20557,95199167,72.04604427905429,58,104,0.358
2018,LAA,37287,166849666,126.27062613459023,80,82,0.494
2018,LAD,47043,164703429,124.64636942302316,92,71,0.564
2018,MIA,10014,86515143,65.47403742920055,63,98,0.391
2018,MIL,35196,109295700,82.71419897728973,96,67,0.589
2018,MIN,24188,110275000,83.45532616764086,78,84,0.481
2018,NYM,27469,161403844,122.14926724761752,77,85,0.475
2018,NYY,42998,160743032,121.64916948297922,100,62,0.617
2018,OAK,19427,69883333,52.88720334796517,97,65,0.599
2018,PHI,26644,93874333,71.04341944488534,80,82,0.494
2018,PIT,18316,88141000,66.70447430280691,82,79,0.509
2018,SDP,26772,93821067,71.00310811952923,66,96,0.407
2018,SEA,28389,157090065,118.88463035385087,89,73,0.549
2018,SFG,38965,202060277,152.9177630701325,73,89,0.451
2018,STL,42020,157713667,119.35656785835135,88,74,0.543
2018,TBR,14259,46011667,34.82129836319998,90,72,0.556
2018,TEX,26014,106099628,80.2954346951291,67,95,0.414
2018,TOR,28707,151670772,114.78334842310487,73,89,0.451
2018,WSN,31230,188886699,142.94809407185673,82,80,0.506
2019,ARI,26364,124016266,93.01622077725665,85,77,0.525
2019,ATL,32777,133186667,99.89431888119388,97,65,0.599
2019,BAL,16146,82696100,62.024756454271035,54,108,0.333
2019,BOS,35994,218978142,164.24070695424305,84,78,0.518
2019,CHC,38208,217805215,163.36097367161378,84,78,0.518
2019,CHW,20622,80846333,60.63737122483279,72,89,0.447
2019,CIN,22334,109737499,82.30668253249924,75,87,0.463
2019,CLE,21465,151257783,113.44824184439142,93,69,0.574
2019,COL,36954,145348500,109.0160879835157,71,91,0.438
2019,DET,18536,100618500,75.46713759529253,47,114,0.292
2019,HOU,35276,166042500,124.53725899478087,107,55,0.66
2019,KCR,18267,98183242,73.64061513107335,59,103,0.364
2019,LAA,37321,177345250,133.01468799099123,72,90,0.444
2019,LAD,49066,193553333,145.17127579459518,106,56,0.654
2019,MIA,10016,74683643,56.01515389713329,57,105,0.352
2019,MIL,36091,128842900,96.63635278280351,89,73,0.549
2019,MIN,28436,113758333,85.32243840965734,101,61,0.624
2019,NYM,30155,154837230,116.13294315939866,86,76,0.531
2019,NYY,40795,228442421,171.33922308729254,103,59,0.636
2019,OAK,20626,102935833,77.20521248574619,97,65,0.599
2019,PHI,33672,141786962,106.34481899921498,81,81,0.5
2019,PIT,18413,72915501,54.68899006441846,69,93,0.426
2019,SDP,29585,90260767,67.69850199163811,70,92,0.432
2019,SEA,22112,126874600,95.16006395988512,68,94,0.42
2019,SFG,33429,175550753,131.66875705370495,77,85,0.475
2019,STL,42968,161120267,120.84542463939802,91,71,0.562
2019,TBR,14552,56071767,42.05564339957545,96,66,0.593
2019,TEX,26333,104433499,78.32851054816801,78,84,0.481
2019,TOR,21607,64680671,48.51260054674684,67,95,0.414
2019,WSN,27899,203016595,152.26902914466797,93,69,0.574
