playerID,yearID,stint,teamID,lgID,G,AB,R,H,X2B,X3B,HR,RBI,SB,CS,BB,SO,IBB,HBP,SH,SF,GIDP
abadfe01,2016,1,MIN,AL,39,1,0,0,0,0,0,0,0,0,0,1,0,0,0,0,0
abadfe01,2016,2,BOS,AL,18,0,0,0,0,0,0,0,0,0,0,0,0,0,0,0,0
abreujo02,2016,1,CHA,AL,159,624,67,183,32,1,25,100,0,2,47,125,7,15,0,9,21
achteaj01,2016,1,LAA,AL,27,0,0,0,0,0,0,0,0,0,0,0,0,0,0,0,0
ackledu01,2016,1,NYA,AL,28,61,6,9,0,0,0,4,0,0,8,9,0,0,0,1,0
adamecr01,2016,1,COL,NL,121,225,25,49,7,3,2,17,2,3,24,47,0,4,3,0,5
adamsau01,2016,1,CLE,AL,19,0,0,0,0,0,0,0,0,0,0,0,0,0,0,0,0
adamsma01,2016,1,SLN,NL,118,297,37,74,18,0,16,54,0,1,25,81,1,2,0,3,5
adlemti01,2016,1,CIN,NL,13,21,2,4,2,0,0,3,0,0,0,11,0,0,2,0,0
adriaeh01,2016,1,SFN,NL,40,63,3,16,2,0,2,7,0,1,2,13,0,2,4,0,0
aguilje01,2016,1,CLE,AL,9,6,0,0,0,0,0,0,0,0,0,1,0,0,0,0,0
ahmedni01,2016,1,ARI,NL,90,284,26,62,9,1,4,20,5,2,15,58,3,4,2,3,9
alberan01,2016,1,MIN,AL,6,0,0,0,0,0,0,0,0,0,0,0,0,0,0,0,0
alberha01,2016,1,TEX,AL,35,56,2,8,1,0,0,5,1,0,0,17,0,0,2,0,1
alberma01,2016,1,CHA,AL,58,1,1,1,1,0,0,0,0,0,0,0,0,0,0,0,0
albural01,2016,1,LAA,AL,2,0,0,0,0,0,0,0,0,0,0,0,0,0,0,0,0
alcanar01,2016,1,OAK,AL,16,19,2,4,1,0,0,2,3,3,0,8,0,0,0,0,1
alcanra01,2016,1,OAK,AL,5,0,0,0,0,0,0,0,0,0,0,0,0,0,0,0,0
alexasc01,2016,1,KCA,AL,17,0,0,0,0,0,0,0,0,0,0,0,0,0,0,0,0
alfarjo01,2016,1,PHI,NL,6,16,0,2,0,0,0,0,0,0,1,8,1,0,0,0,0
allenco01,2016,1,CLE,AL,67,0,0,0,0,0,0,0,0,0,0,0,0,0,0,0,0
almonab01,2016,1,CLE,AL,67,182,24,48,20,1,1,22,8,0,8,42,1,1,0,3,5
almoral01,2016,1,CHN,NL,47,112,14,31,9,1,3,14,0,0,5,20,0,0,0,0,5
alonsyo01,2016,1,OAK,AL,156,482,52,122,34,0,7,56,3,1,45,74,1,1,0,4,15
altavda01,2016,1,SEA,AL,15,0,0,0,0,0,0,0,0,0,0,0,0,0,0,0,0
altheaa01,2016,1,PHI,NL,57,198,23,39,6,0,4,22,7,2,23,69,2,6,0,0,4
altuvjo01,2016,1,HOU,AL,161,640,108,216,42,5,24,96,30,10,60,70,11,7,3,7,15
alvarda01,2016,1,ATL,NL,16,0,0,0,0,0,0,0,0,0,0,0,0,0,0,0,0
alvarda01,2016,2,TEX,AL,10,0,0,0,0,0,0,0,0,0,0,0,0,0,0,0,0
alvarda02,2016,1,BAL,AL,2,3,0,1,1,0,0,0,0,0,1,0,0,0,0,0,0
alvarjo02,2016,1,LAA,AL,64,1,0,0,0,0,0,0,0,0,0,0,0,0,0,0,0
alvarpe01,2016,1,BAL,AL,109,337,43,84,20,0,22,49,1,0,37,97,1,0,0,2,6
amarial01,2016,1,SDN,NL,65,140,9,36,2,0,0,11,9,2,8,26,2,0,1,1,5
anderbr04,2016,1,LAN,NL,4,3,0,0,0,0,0,0,0,0,0,2,0,0,0,0,0
anderch01,2016,1,MIL,NL,31,45,3,4,0,0,0,1,0,0,1,27,0,1,5,0,0
anderco01,2016,1,CLE,AL,19,0,0,0,0,0,0,0,0,0,0,0,0,0,0,0,0
anderti01,2016,1,CHA,AL,99,410,57,116,22,6,9,30,10,2,13,117,0,1,6,1,15
anderty01,2016,1,COL,NL,20,35,1,4,0,0,1,3,0,0,4,11,0,0,3,0,0
andinro01,2016,1,MIA,NL,13,24,2,7,0,0,0,1,0,0,0,4,0,0,0,0,0
andrima01,2016,1,TBA,AL,29,1,0,0,0,0,0,0,0,0,0,0,0,0,0,0,0
andruel01,2016,1,TEX,AL,147,506,75,153,31,7,8,69,24,8,47,70,2,4,4,7,18
antoldu01,2016,1,TOR,AL,1,0,0,0,0,0,0,0,0,0,0,0,0,0,0,0,0
aokino01,2016,1,SEA,AL,118,417,63,118,24,4,4,28,7,9,34,45,0,9,5,1,9
aquinja01,2016,1,BAL,AL,3,0,0,0,0,0,0,0,0,0,0,0,0,0,0,0,0
araujel01,2016,1,PHI,NL,32,0,0,0,0,0,0,0,0,0,0,0,0,0,0,0,0
archech01,2016,1,TBA,AL,33,7,1,0,0,0,0,0,0,0,1,3,0,0,0,0,0
arciaor01,2016,1,MIL,NL,55,201,21,44,10,3,4,17,8,0,15,47,0,0,0,0,6
arciaos01,2016,1,MIN,AL,32,103,8,22,4,0,4,12,0,0,10,46,0,1,0,0,1
arciaos01,2016,2,TBA,AL,21,54,7,14,2,1,2,7,1,1,6,19,0,0,0,1,0
arciaos01,2016,3,MIA,NL,2,2,0,0,0,0,0,0,0,0,0,1,0,0,0,0,0
arciaos01,2016,4,SDN,NL,14,43,2,5,1,0,2,4,0,0,2,14,0,0,0,0,0
arenano01,2016,1,COL,NL,160,618,116,182,35,6,41,133,2,3,68,103,10,2,0,8,17
armstsh01,2016,1,CLE,AL,10,0,0,0,0,0,0,0,0,0,0,0,0,0,0,0,0
arojo01,2016,1,SEA,AL,1,0,0,0,0,0,0,0,0,0,0,0,0,0,0,0,0
arrieja01,2016,1,CHN,NL,31,65,7,17,2,1,2,7,0,0,4,28,0,0,1,0,1
ascheco01,2016,1,PHI,NL,71,197,22,42,15,0,4,18,3,1,18,54,0,2,0,1,1
asheral01,2016,1,PHI,NL,5,11,0,1,0,0,0,2,0,0,0,6,0,0,0,0,0
asuajca01,2016,1,SDN,NL,7,24,2,5,2,0,0,2,0,0,1,4,0,0,0,0,0
austity01,2016,1,NYA,AL,31,83,7,20,3,0,5,12,1,0,7,36,0,0,0,0,1
avilaal01,2016,1,CHA,AL,57,169,19,36,6,0,7,11,0,0,38,78,0,1,0,1,3
avilalu01,2016,1,LAN,NL,27,0,0,0,0,0,0,0,0,0,0,0,0,0,0,0,0
avilemi01,2016,1,DET,AL,68,167,17,35,5,1,1,6,2,2,9,27,0,2,3,0,5
axforjo01,2016,1,OAK,AL,68,0,0,0,0,0,0,0,0,0,0,0,0,0,0,0,0
aybarer01,2016,1,ATL,NL,97,335,27,81,14,2,2,26,3,5,20,59,5,6,3,4,14
aybarer01,2016,2,DET,AL,29,80,7,20,5,0,1,8,0,0,11,11,1,0,0,0,1
baezja01,2016,1,CHN,NL,142,421,50,115,19,1,14,59,12,3,15,108,3,11,1,2,8
baezpe01,2016,1,LAN,NL,73,1,0,0,0,0,0,0,0,0,0,0,0,0,0,0,0
bailean01,2016,1,PHI,NL,33,0,0,0,0,0,0,0,0,0,0,0,0,0,0,0,0
bailean01,2016,2,LAA,AL,12,0,0,0,0,0,0,0,0,0,0,0,0,0,0,0,0
baileho02,2016,1,CIN,NL,6,10,0,1,0,0,0,0,0,0,1,1,0,0,0,0,1
bandyje01,2016,1,LAA,AL,70,209,23,49,9,0,8,25,1,0,11,38,0,4,3,4,5
barbajo01,2016,1,NYA,AL,13,0,0,0,0,0,0,0,0,0,0,0,0,0,0,0,0
barneau01,2016,1,LAN,NL,21,32,3,5,1,0,0,2,0,0,5,9,0,0,0,0,0
barnebr02,2016,1,COL,NL,48,100,10,22,6,2,0,8,1,2,3,30,0,1,5,0,0
barneda01,2016,1,TOR,AL,104,279,35,75,13,2,4,19,2,2,22,48,1,1,2,2,8
barneda02,2016,1,TOR,AL,12,0,0,0,0,0,0,0,0,0,0,0,0,0,0,0,0
barneja01,2016,1,MIL,NL,27,0,0,0,0,0,0,0,0,0,0,0,0,0,0,0,0
barnema01,2016,1,BOS,AL,62,0,0,0,0,0,0,0,0,0,0,0,0,0,0,0,0
barneto01,2016,1,TEX,AL,53,0,0,0,0,0,0,0,0,0,0,0,0,0,0,0,0
barnhtu01,2016,1,CIN,NL,115,377,34,97,23,1,7,51,1,0,36,72,8,2,2,3,12
barraky01,2016,1,MIA,NL,75,1,0,0,0,0,0,0,0,0,0,1,0,0,0,0,0
barreja01,2016,1,ARI,NL,68,0,0,0,0,0,0,0,0,0,0,0,0,0,0,0,0
bassich01,2016,1,OAK,AL,5,0,0,0,0,0,0,0,0,0,0,0,0,0,0,0,0
bastaan01,2016,1,NYN,NL,41,0,0,0,0,0,0,0,0,0,0,0,0,0,0,0,0
bastaan01,2016,2,PIT,NL,28,0,0,0,0,0,0,0,0,0,0,0,0,0,0,0,0
bauertr01,2016,1,CLE,AL,35,5,0,0,0,0,0,0,0,0,0,5,0,0,1,0,0
baumabu01,2016,1,SDN,NL,11,0,0,0,0,0,0,0,0,0,0,0,0,0,0,0,0
bautijo02,2016,1,TOR,AL,116,423,68,99,24,1,22,69,2,2,87,103,1,3,0,4,21
beckch02,2016,1,CHA,AL,25,0,0,0,0,0,0,0,0,0,0,0,0,0,0,0,0
beckhgo01,2016,1,ATL,NL,85,240,25,52,16,1,5,30,1,0,26,50,1,4,0,3,12
beckhgo01,2016,2,SFN,NL,3,5,0,0,0,0,0,1,0,0,0,2,0,0,0,1,0
beckhti01,2016,1,TBA,AL,64,198,25,49,12,5,5,16,2,1,14,67,0,1,2,0,3
bedroca01,2016,1,LAA,AL,45,0,0,0,0,0,0,0,0,0,0,0,0,0,0,0,0
belisma01,2016,1,WAS,NL,40,4,0,0,0,0,0,0,0,0,0,2,0,0,0,0,0
belljo02,2016,1,PIT,NL,45,128,18,35,8,0,3,19,0,1,21,19,0,0,0,3,4
beltbr01,2016,1,SFN,NL,156,542,77,149,41,8,17,82,0,4,104,148,4,5,0,4,7
beltrad01,2016,1,TEX,AL,153,583,89,175,31,1,32,104,1,1,48,66,6,6,0,3,10
beltrca01,2016,1,NYA,AL,99,359,50,109,21,0,22,64,0,0,22,70,3,2,0,4,13
beltrca01,2016,2,TEX,AL,52,193,23,54,12,0,7,29,1,0,13,31,1,0,0,0,6
beninan01,2016,1,BOS,AL,34,105,16,31,11,1,2,14,1,0,10,25,0,1,1,1,0
benoijo01,2016,1,SEA,AL,26,0,0,0,0,0,0,0,0,0,0,0,0,0,0,0,0
benoijo01,2016,2,TOR,AL,25,0,0,0,0,0,0,0,0,0,0,0,0,0,0,0,0
beresja01,2016,1,MIN,AL,10,22,0,5,1,0,0,0,0,0,1,6,0,0,1,0,0
bergmch01,2016,1,COL,NL,15,3,1,1,0,0,0,0,0,0,0,0,0,0,0,0,0
berrijo01,2016,1,MIN,AL,14,1,0,1,0,0,0,0,0,0,0,0,0,0,0,0,0
betande01,2016,1,NYA,AL,73,0,0,0,0,0,0,0,0,0,0,0,0,0,0,0,0
bethach01,2016,1,SDN,NL,73,193,20,44,9,0,6,25,1,2,10,56,0,0,0,1,9
bettich01,2016,1,COL,NL,32,49,2,2,0,0,0,2,0,0,4,21,0,0,5,0,1
bettsmo01,2016,1,BOS,AL,158,672,122,214,42,5,31,113,26,4,49,80,1,2,0,7,12
biagijo01,2016,1,TOR,AL,60,0,0,0,0,0,0,0,0,0,0,0,0,0,0,0,0
blachty01,2016,1,SFN,NL,4,4,1,2,0,0,0,0,0,0,0,0,0,0,0,0,0
blackch02,2016,1,COL,NL,143,578,111,187,35,5,29,82,17,9,43,102,4,13,3,4,2
blairaa01,2016,1,ATL,NL,15,21,0,1,0,0,0,0,0,0,0,9,0,0,2,0,0
blancan01,2016,1,PHI,NL,90,190,26,48,15,1,4,21,2,3,11,41,0,7,0,1,7
blancgr01,2016,1,SFN,NL,106,241,28,54,10,4,1,18,6,3,29,51,4,1,1,1,5
blantjo01,2016,1,LAN,NL,75,0,0,0,0,0,0,0,0,0,0,0,0,0,0,0,0
blashja01,2016,1,SDN,NL,38,71,7,12,2,0,3,5,1,0,11,34,0,2,0,0,3
blazemi01,2016,1,MIL,NL,42,0,1,0,0,0,0,0,0,0,0,0,0,0,0,0,0
bleieri01,2016,1,NYA,AL,23,0,0,0,0,0,0,0,0,0,0,0,0,0,0,0,0
blevije01,2016,1,NYN,NL,73,1,0,0,0,0,0,0,0,0,0,0,0,0,0,0,0
bogaexa01,2016,1,BOS,AL,157,652,115,192,34,1,21,89,13,4,58,123,0,6,0,3,14
bolsimi01,2016,1,LAN,NL,6,9,0,0,0,0,0,0,0,0,0,7,0,0,0,0,0
bonifem01,2016,1,ATL,NL,24,38,6,8,0,0,0,3,1,0,3,12,0,0,2,0,0
borboju01,2016,1,BAL,AL,6,13,1,4,0,0,0,0,0,1,0,3,0,0,2,0,0
boscawi01,2016,1,PIT,NL,6,3,0,1,0,0,0,1,0,0,0,1,0,0,0,0,0
boshebu01,2016,1,MIN,AL,37,0,0,0,0,0,0,0,0,0,0,0,0,0,0,0,0
bourjpe01,2016,1,PHI,NL,123,355,40,89,20,7,5,23,6,4,17,91,2,4,6,1,6
bourju01,2016,1,MIA,NL,90,280,35,74,12,1,15,51,0,0,38,56,9,0,0,3,8
bournmi01,2016,1,ARI,NL,89,329,43,86,12,6,3,30,13,5,22,83,0,0,6,1,3
bournmi01,2016,2,BAL,AL,24,46,5,13,1,0,2,8,2,0,6,9,0,0,2,1,0
bowmama01,2016,1,SLN,NL,59,1,0,0,0,0,0,0,0,0,0,1,0,0,1,0,0
boxbebr01,2016,1,TBA,AL,27,0,0,0,0,0,0,0,0,0,0,0,0,0,0,0,0
boydma01,2016,1,DET,AL,20,0,0,0,0,0,0,0,0,0,0,0,0,0,0,0,0
boyerbl01,2016,1,MIL,NL,61,1,0,0,0,0,0,0,0,0,0,0,0,0,0,0,0
brachbr01,2016,1,BAL,AL,71,0,0,0,0,0,0,0,0,0,0,0,0,0,0,0,0
brachsi01,2016,1,ARI,NL,26,1,0,0,0,0,0,0,0,0,0,1,0,0,0,0,0
bradlar01,2016,1,ARI,NL,26,43,2,3,0,0,0,4,0,0,0,28,0,0,4,1,0
bradlja02,2016,1,BOS,AL,156,558,94,149,30,7,26,87,9,2,63,143,5,10,0,5,10
bradlje01,2016,1,ATL,NL,6,0,0,0,0,0,0,0,0,0,0,0,0,0,0,0,0
brantmi02,2016,1,CLE,AL,11,39,5,9,2,0,0,7,1,0,3,6,1,0,0,1,1
braulst01,2016,1,PIT,NL,8,8,1,2,0,0,0,0,0,0,0,0,0,0,1,0,0
braunry02,2016,1,MIL,NL,135,511,80,156,23,3,30,91,16,5,46,98,10,4,0,3,20
bregmal01,2016,1,HOU,AL,49,201,31,53,13,3,8,34,2,0,15,52,0,0,0,1,1
brentbr01,2016,1,BOS,AL,25,61,8,17,3,0,1,7,0,0,3,17,0,0,0,0,1
breslcr01,2016,1,MIA,NL,15,0,0,0,0,0,0,0,0,0,0,0,0,0,0,0,0
briceau01,2016,1,MIA,NL,15,0,0,0,0,0,0,0,0,0,0,0,0,0,0,0,0
bridwpa01,2016,1,BAL,AL,2,0,0,0,0,0,0,0,0,0,0,0,0,0,0,0,0
brignre01,2016,1,ATL,NL,13,29,3,6,2,0,0,1,0,0,0,8,0,0,0,0,0
britoso01,2016,1,ARI,NL,40,95,10,17,3,1,4,12,2,0,2,23,0,0,0,0,3
brittza01,2016,1,BAL,AL,69,0,0,0,0,0,0,0,0,0,0,0,0,0,0,0,0
broadmi01,2016,1,SFN,NL,4,0,0,0,0,0,0,0,0,0,0,0,0,0,1,0,0
browntr01,2016,1,SFN,NL,75,173,17,41,7,0,5,19,0,1,10,39,0,1,0,0,2
broxtjo01,2016,1,SLN,NL,66,0,0,0,0,0,0,0,0,0,0,0,0,0,0,0,0
broxtke01,2016,1,MIL,NL,75,207,28,50,10,1,9,19,23,4,36,88,0,0,1,0,2
bruceja01,2016,1,CIN,NL,97,370,60,98,22,6,25,80,4,2,27,83,3,2,0,3,11
bruceja01,2016,2,NYN,NL,50,169,14,37,5,0,8,19,0,0,17,43,4,1,0,0,3
bryankr01,2016,1,CHN,NL,155,603,121,176,35,3,39,102,8,5,75,154,5,18,0,3,3
buchaja01,2016,1,CHN,NL,2,1,0,0,0,0,0,0,0,0,0,1,0,0,0,0,0
buchhcl01,2016,1,BOS,AL,37,2,0,0,0,0,0,0,0,0,1,2,0,0,0,0,0
buchtry01,2016,1,SDN,NL,67,0,0,0,0,0,0,0,0,0,0,0,0,0,0,0,0
bumgama01,2016,1,SFN,NL,36,86,8,16,6,0,3,9,0,0,10,43,0,0,0,1,1
bundydy01,2016,1,BAL,AL,36,3,0,0,0,0,0,0,0,0,0,2,0,0,0,0,0
burgoen02,2016,1,ARI,NL,43,0,0,0,0,0,0,0,0,0,0,0,0,0,0,0,0
burnese01,2016,1,WAS,NL,10,0,0,0,0,0,0,0,0,0,0,0,0,0,0,0,0
burnsan01,2016,1,TOR,AL,10,6,2,0,0,0,0,0,0,0,0,2,0,1,0,0,0
burnsbi02,2016,1,OAK,AL,73,274,32,64,11,4,0,12,14,3,10,30,2,4,3,1,3
burnsbi02,2016,2,KCA,AL,24,37,7,9,0,0,0,1,3,2,0,7,0,2,0,1,0
burriem01,2016,1,PHI,NL,39,45,3,5,1,1,0,0,1,0,2,10,0,2,1,0,1
buschma01,2016,1,ARI,NL,3,1,0,0,0,0,0,0,0,0,0,0,0,0,0,0,0
bushma01,2016,1,TEX,AL,58,0,0,0,0,0,0,0,0,0,0,0,0,0,0,0,0
bussni01,2016,1,LAA,AL,36,81,7,16,7,1,1,8,2,1,6,24,0,0,1,2,4
buterdr01,2016,1,KCA,AL,56,123,18,35,10,1,4,16,0,0,8,36,0,0,2,0,2
butlebi03,2016,1,OAK,AL,85,221,24,61,16,0,4,31,0,0,19,34,1,0,0,2,13
butlebi03,2016,2,NYA,AL,12,29,3,10,2,0,1,4,0,0,2,8,0,0,0,1,0
butleed01,2016,1,COL,NL,17,15,0,1,0,0,0,0,0,0,0,2,0,0,4,0,0
buxtoby01,2016,1,MIN,AL,92,298,44,67,19,6,10,38,10,2,23,118,0,3,4,3,2
byrdma01,2016,1,CLE,AL,34,115,11,31,6,0,5,19,0,0,11,38,1,0,0,3,1
cabreas01,2016,1,NYN,NL,141,521,65,146,30,1,23,62,5,1,38,103,3,7,0,2,14
cabrema01,2016,1,ATL,NL,41,0,0,0,0,0,0,0,0,0,0,0,0,0,0,0,0
cabreme01,2016,1,CHA,AL,151,591,70,175,42,5,14,86,2,0,47,69,2,0,3,5,17
cabremi01,2016,1,DET,AL,158,595,92,188,31,1,38,108,0,0,75,116,15,4,0,5,26
cabrera01,2016,1,CIN,NL,61,171,11,42,10,0,3,23,1,1,8,30,1,1,2,3,5
cahiltr01,2016,1,CHN,NL,51,8,1,1,0,0,0,1,0,0,1,4,0,0,2,0,0
cainlo01,2016,1,KCA,AL,103,397,56,114,19,1,9,56,14,5,31,84,3,2,0,4,15
cainma01,2016,1,SFN,NL,21,27,1,2,1,0,1,5,0,0,0,17,0,0,1,0,0
calhoko01,2016,1,LAA,AL,157,594,91,161,35,5,18,75,2,3,67,118,0,6,0,5,10
caminar01,2016,1,PIT,NL,39,2,0,0,0,0,0,0,0,0,0,1,0,0,0,0,0
caminar01,2016,2,SEA,AL,18,0,0,0,0,0,0,0,0,0,0,0,0,0,0,0,0
campber01,2016,1,NYN,NL,40,75,9,13,1,0,1,9,1,0,10,24,1,2,0,1,2
campojo01,2016,1,ARI,NL,1,2,0,0,0,0,0,0,0,0,0,0,0,0,0,0,0
campole01,2016,1,SDN,NL,18,0,0,0,0,0,0,0,0,0,0,0,0,0,0,0,0
candeje01,2016,1,CHN,NL,5,11,0,1,0,0,0,0,0,0,2,5,1,1,0,0,0
canhama01,2016,1,OAK,AL,16,41,4,5,0,0,3,6,0,1,0,20,0,1,1,1,1
canoro01,2016,1,SEA,AL,161,655,107,195,33,2,39,103,0,1,47,100,8,8,0,5,18
capuach01,2016,1,MIL,NL,16,0,0,0,0,0,0,0,0,0,1,0,0,0,0,0,0
carasma01,2016,1,COL,NL,19,0,0,0,0,0,0,0,0,0,0,0,0,0,0,0,0
cardust01,2016,1,COL,NL,27,56,5,12,3,1,2,6,0,0,3,12,0,0,0,0,2
carmofa01,2016,1,ATL,NL,2,4,0,0,0,0,0,0,0,0,0,3,0,0,0,0,0
carpema01,2016,1,SLN,NL,129,473,81,128,36,6,21,68,0,4,81,108,6,5,3,4,4
carraca01,2016,1,CLE,AL,25,0,0,0,0,0,0,0,0,0,0,0,0,0,0,0,0
carreez01,2016,1,TOR,AL,110,270,47,67,9,1,6,23,7,4,27,70,0,4,7,2,8
carrosc02,2016,1,CHA,AL,3,0,0,0,0,0,0,0,0,0,0,0,0,0,0,0,0
cartech02,2016,1,MIL,NL,160,549,84,122,27,1,41,94,3,1,76,206,1,9,0,10,18
casalcu01,2016,1,TBA,AL,84,226,23,42,10,0,8,25,0,0,25,82,1,2,3,0,2
cashnan01,2016,1,SDN,NL,16,18,2,3,0,0,0,1,0,0,2,6,0,0,2,0,0
cashnan01,2016,2,MIA,NL,12,16,1,3,0,0,0,0,0,0,1,7,0,0,1,0,0
casteni01,2016,1,DET,AL,110,411,54,117,25,4,18,58,1,1,28,111,1,3,0,5,4
castiru01,2016,1,BOS,AL,9,8,4,2,1,0,0,0,0,0,0,3,0,0,0,0,0
castiwe01,2016,1,ARI,NL,113,416,41,110,24,0,14,68,2,0,33,121,3,4,0,4,5
castrda01,2016,1,ATL,NL,47,130,8,26,1,0,0,7,1,1,7,24,1,0,2,0,4
castrja01,2016,1,HOU,AL,113,329,41,69,16,3,11,32,2,1,45,123,0,1,1,0,9
castrmi01,2016,1,COL,NL,19,0,0,0,0,0,0,0,0,0,0,0,0,0,0,0,0
castrst01,2016,1,NYA,AL,151,577,63,156,29,1,21,70,4,0,24,118,1,3,1,5,15
cecchga02,2016,1,NYN,NL,4,6,2,2,2,0,0,2,0,0,0,2,0,1,0,0,0
cecilbr01,2016,1,TOR,AL,54,0,0,0,0,0,0,0,0,0,0,0,0,0,0,0,0
cecilda01,2016,1,TOR,AL,13,27,2,3,2,0,0,1,0,0,1,14,0,1,0,0,0
cedenxa01,2016,1,TBA,AL,54,0,0,0,0,0,0,0,0,0,0,0,0,0,0,0,0
centeju01,2016,1,MIN,AL,55,176,16,46,12,1,3,25,0,0,12,38,0,1,3,0,8
cervefr01,2016,1,PIT,NL,101,326,42,86,14,1,1,33,6,2,56,72,1,6,0,5,14
cervehu01,2016,1,ATL,NL,50,0,0,0,0,0,0,0,0,0,0,0,0,0,0,0,0
cervehu01,2016,2,MIA,NL,18,0,0,0,0,0,0,0,0,0,0,0,0,0,0,0,0
cespeyo01,2016,1,NYN,NL,132,479,72,134,25,1,31,86,3,1,51,108,8,7,0,6,14
cessalu01,2016,1,NYA,AL,17,0,0,0,0,0,0,0,0,0,0,0,0,0,0,0,0
chacijh01,2016,1,ATL,NL,5,8,0,2,0,0,0,1,0,0,0,1,0,0,0,0,0
chacijh01,2016,2,LAA,AL,29,2,1,1,0,0,0,0,0,0,0,0,0,0,0,0,0
chafian01,2016,1,ARI,NL,32,0,0,0,0,0,0,0,0,0,0,0,0,0,0,0,0
chambjo03,2016,1,CLE,AL,20,0,0,0,0,0,0,0,0,0,0,0,0,0,0,0,0
chapmar01,2016,1,NYA,AL,31,0,0,0,0,0,0,0,0,0,0,0,0,0,0,0,0
chapmar01,2016,2,CHN,NL,28,0,0,0,0,0,0,0,0,0,0,0,0,0,0,0,0
chapmke02,2016,1,HOU,AL,9,0,0,0,0,0,0,0,0,0,0,0,0,0,0,0,0
chargjt01,2016,1,MIN,AL,25,0,0,0,0,0,0,0,0,0,0,0,0,0,0,0,0
chatwty01,2016,1,COL,NL,27,53,3,10,0,1,0,4,0,0,2,14,0,0,3,0,1
chaveje01,2016,1,TOR,AL,39,0,0,0,0,0,0,0,0,0,0,0,0,0,0,0,0
chaveje01,2016,2,LAN,NL,23,0,0,0,0,0,0,0,0,0,0,0,0,0,0,0,0
chenwe02,2016,1,MIA,NL,22,44,0,0,0,0,0,0,0,0,0,18,0,0,5,0,2
chiriro01,2016,1,TEX,AL,57,147,21,33,11,0,9,20,0,1,15,44,0,5,1,2,4
chiselo01,2016,1,CLE,AL,126,385,43,110,25,5,8,57,6,0,23,70,2,3,3,4,4
choiji01,2016,1,LAA,AL,54,112,9,19,4,0,5,12,2,4,16,27,1,0,0,1,2
choosh01,2016,1,TEX,AL,48,178,27,43,7,0,7,17,6,3,25,46,1,7,0,0,1
cingrto01,2016,1,CIN,NL,65,0,1,0,0,0,0,0,0,0,1,0,0,0,0,0,0
cishest01,2016,1,SEA,AL,62,0,0,0,0,0,0,0,0,0,0,0,0,0,0,0,0
claudal01,2016,1,TEX,AL,39,0,0,0,0,0,0,0,0,0,0,0,0,0,0,0,0
clemepa02,2016,1,MIA,NL,2,2,0,0,0,0,0,0,0,0,0,2,0,0,0,0,0
clemepa02,2016,2,SDN,NL,16,19,1,0,0,0,0,0,0,0,1,9,0,0,1,0,1
clevest01,2016,1,SEA,AL,22,68,7,15,3,0,1,7,0,0,8,14,0,0,0,0,3
clevimi01,2016,1,CLE,AL,17,2,0,0,0,0,0,0,0,0,0,0,0,0,0,0,0
clippty01,2016,1,ARI,NL,40,0,0,0,0,0,0,0,0,0,0,0,0,0,0,0,0
clippty01,2016,2,NYA,AL,29,0,0,0,0,0,0,0,0,0,0,0,0,0,0,0,0
coatsja01,2016,1,CHA,AL,28,50,8,10,4,0,1,4,1,0,5,12,0,2,1,0,1
cobbal01,2016,1,TBA,AL,5,0,0,0,0,0,0,0,0,0,0,0,0,0,0,0,0
coghlch01,2016,1,OAK,AL,51,158,14,23,5,0,5,14,1,1,13,47,1,1,0,0,2
coghlch01,2016,2,CHN,NL,48,103,21,26,7,2,1,16,1,0,22,26,2,2,0,1,2
cokeph01,2016,1,NYA,AL,3,0,0,0,0,0,0,0,0,0,0,0,0,0,0,0,0
cokeph01,2016,2,PIT,NL,3,0,0,0,0,0,0,0,0,0,0,0,0,0,0,0,0
colabch01,2016,1,TOR,AL,10,29,0,2,0,0,0,1,0,0,2,9,0,1,0,0,2
coleaj01,2016,1,WAS,NL,8,7,0,0,0,0,0,0,0,0,0,4,0,0,1,0,1
colege01,2016,1,PIT,NL,21,40,3,8,1,0,1,3,0,0,0,19,0,1,2,0,0
colemlo01,2016,1,LAN,NL,61,0,0,0,0,0,0,0,0,0,0,0,0,0,0,0,0
collity01,2016,1,DET,AL,56,136,14,32,2,3,4,15,1,1,13,38,0,1,0,1,1
collmjo01,2016,1,ARI,NL,15,0,0,0,0,0,0,0,0,0,0,0,0,0,0,0,0
collmjo01,2016,2,ATL,NL,3,6,0,0,0,0,0,0,0,0,0,6,0,0,1,0,0
colomal01,2016,1,TBA,AL,57,0,0,0,0,0,0,0,0,0,0,0,0,0,0,0,0
colonba01,2016,1,NYN,NL,34,60,4,5,2,0,1,2,0,0,1,40,0,0,4,0,3
colonch01,2016,1,KCA,AL,54,147,13,34,6,0,1,13,0,1,11,31,0,2,1,0,4
colonjo01,2016,1,CLE,AL,11,0,0,0,0,0,0,0,0,0,0,0,0,0,0,0,0
concege01,2016,1,CHN,NL,3,0,0,0,0,0,0,0,0,0,0,0,0,0,0,0,0
confomi01,2016,1,NYN,NL,109,304,38,67,21,1,12,42,2,1,36,89,2,5,0,3,6
congeha01,2016,1,TBA,AL,49,124,6,24,5,0,3,10,0,0,12,40,0,0,1,0,4
conlead01,2016,1,MIA,NL,25,41,4,5,0,0,0,3,0,0,1,22,0,0,4,1,1
contrwi01,2016,1,CHN,NL,76,252,33,71,14,1,12,35,2,2,26,67,0,4,0,1,7
corbipa01,2016,1,ARI,NL,38,49,7,15,3,1,0,4,0,1,1,14,0,0,3,0,0
correca01,2016,1,HOU,AL,153,577,76,158,36,3,20,96,13,3,75,139,5,5,0,3,12
cosarja01,2016,1,MIA,NL,4,6,0,1,0,0,0,0,0,0,0,1,0,0,1,0,0
cosarja01,2016,2,SDN,NL,9,10,1,1,0,0,0,0,0,0,0,4,0,0,1,0,0
cothaca01,2016,1,CIN,NL,23,0,0,0,0,0,0,0,0,0,0,0,0,0,0,0,0
cottojh01,2016,1,OAK,AL,5,0,0,0,0,0,0,0,0,0,0,0,0,0,0,0,0
couloda01,2016,1,OAK,AL,35,0,0,0,0,0,0,0,0,0,0,0,0,0,0,0,0
cowarka01,2016,1,LAA,AL,31,85,8,15,4,0,1,8,0,0,0,23,0,1,0,1,1
cowgico01,2016,1,CLE,AL,9,12,0,1,0,0,0,0,0,0,2,7,0,0,0,0,1
cozarza01,2016,1,CIN,NL,121,464,67,117,28,2,16,50,4,1,37,84,3,2,1,4,9
cravyty01,2016,1,MIL,NL,20,4,1,1,0,0,1,1,0,0,0,1,0,0,1,0,0
crawfbr01,2016,1,SFN,NL,155,553,67,152,28,11,12,84,7,0,57,115,10,4,0,9,13
crawfca02,2016,1,LAN,NL,30,81,8,15,2,1,0,6,0,1,4,11,0,1,0,1,3
crispco01,2016,1,OAK,AL,102,393,45,92,24,4,11,47,7,5,37,65,2,0,2,2,6
crispco01,2016,2,CLE,AL,20,53,9,11,3,0,2,8,3,0,9,13,0,0,2,0,1
crockky01,2016,1,CLE,AL,29,0,0,0,0,0,0,0,0,0,0,0,0,0,0,0,0
croncj01,2016,1,LAA,AL,116,407,51,113,25,2,16,69,2,3,24,75,1,7,0,5,9
cruzne02,2016,1,SEA,AL,155,589,96,169,27,1,43,105,2,0,62,159,5,9,0,7,15
cruzto03,2016,1,KCA,AL,4,4,0,0,0,0,0,1,0,0,0,3,0,0,0,1,0
cuetojo01,2016,1,SFN,NL,32,70,1,8,0,0,0,5,0,0,2,24,0,0,11,1,2
cuevawi01,2016,1,BOS,AL,3,0,0,0,0,0,0,0,0,0,0,0,0,0,0,0,0
culbech01,2016,1,LAN,NL,34,67,6,20,3,0,1,7,1,0,1,13,0,0,0,0,2
cunnibr02,2016,1,ATL,NL,15,0,0,0,0,0,0,0,0,0,0,0,0,0,0,0,0
cunnito01,2016,1,LAA,AL,20,27,5,4,3,0,0,1,0,1,1,6,0,0,1,0,1
curtiza01,2016,1,ARI,NL,21,0,0,0,0,0,0,0,0,0,0,0,0,0,0,0,0
cuthbch01,2016,1,KCA,AL,128,475,49,130,28,1,12,46,2,0,32,96,0,0,1,2,14
dahlda01,2016,1,COL,NL,63,222,42,70,12,4,7,24,5,0,15,59,0,0,0,0,3
danisty01,2016,1,CHA,AL,3,0,0,0,0,0,0,0,0,0,0,0,0,0,0,0,0
danksjo01,2016,1,CHA,AL,4,0,0,0,0,0,0,0,0,0,0,0,0,0,0,0,0
darnach01,2016,1,ATL,NL,84,233,24,57,14,2,1,21,9,3,23,50,1,3,0,3,5
darnatr01,2016,1,NYN,NL,75,251,27,62,7,0,4,15,0,0,19,50,1,3,2,1,7
darviyu01,2016,1,TEX,AL,17,3,1,1,0,0,1,1,0,0,0,1,0,0,0,0,1
davidma02,2016,1,CHA,AL,1,2,1,1,0,0,0,1,0,0,0,1,0,0,0,0,0
davieza01,2016,1,MIL,NL,28,53,2,5,0,0,0,1,0,0,1,22,0,0,7,0,0
davisch02,2016,1,BAL,AL,157,566,99,125,21,0,38,84,1,0,88,219,3,8,0,3,6
davisik02,2016,1,NYA,AL,8,14,2,3,0,0,0,1,0,0,1,5,0,0,0,0,1
daviskh01,2016,1,OAK,AL,150,555,85,137,24,2,42,102,1,2,42,166,0,8,0,5,19
davisra01,2016,1,CLE,AL,134,454,74,113,23,2,12,48,43,6,33,106,0,5,1,2,9
daviswa01,2016,1,KCA,AL,45,0,0,0,0,0,0,0,0,0,0,0,0,0,0,0,0
daytogr01,2016,1,LAN,NL,25,1,0,0,0,0,0,0,0,0,0,1,0,0,0,0,0
deanpa02,2016,1,MIN,AL,19,0,0,0,0,0,0,0,0,0,0,0,0,0,0,0,0
deazaal01,2016,1,NYN,NL,130,234,31,48,9,0,6,25,4,3,26,67,1,5,1,1,5
deckeja01,2016,1,TBA,AL,19,52,1,8,1,0,0,1,1,0,4,14,0,0,0,1,1
degroja01,2016,1,NYN,NL,27,42,6,6,1,0,0,2,0,0,3,12,0,0,5,0,1
dejesiv02,2016,1,CIN,NL,104,221,21,56,10,0,1,20,3,1,17,51,1,2,2,1,6
delabst01,2016,1,CIN,NL,7,0,0,0,0,0,0,0,0,0,0,0,0,0,0,0,0
delacjo01,2016,1,ATL,NL,22,16,0,3,0,0,0,1,0,0,0,8,0,0,2,0,1
delarjo01,2016,1,COL,NL,27,38,4,7,0,0,0,6,0,0,2,14,0,1,1,0,0
delarru01,2016,1,ARI,NL,13,14,0,1,0,0,0,1,0,0,0,3,0,0,3,0,1
deleojo03,2016,1,LAN,NL,4,4,0,0,0,0,0,0,0,0,0,1,0,0,0,0,0
delgara01,2016,1,ARI,NL,79,2,0,0,0,0,0,0,0,0,0,0,0,0,0,0,0
delosab01,2016,1,CIN,NL,5,0,0,0,0,0,0,0,0,0,0,0,0,0,0,0,0
dendema01,2016,1,WAS,NL,19,34,3,6,1,0,1,4,1,0,4,10,0,1,0,0,0
dermoma01,2016,1,TOR,AL,5,0,0,0,0,0,0,0,0,0,0,0,0,0,0,0,0
descada01,2016,1,COL,NL,99,250,38,66,12,2,8,38,3,0,34,56,3,1,0,4,2
desclan01,2016,1,CIN,NL,20,41,0,5,1,0,0,1,0,0,1,22,0,0,1,0,1
deshide02,2016,1,TEX,AL,74,182,36,38,7,0,4,13,8,3,15,54,0,2,3,1,1
desmoia01,2016,1,TEX,AL,156,625,107,178,29,3,22,86,21,6,44,160,2,5,0,3,11
despaod01,2016,1,BAL,AL,16,0,0,0,0,0,0,0,0,0,0,0,0,0,0,0,0
despaod01,2016,2,MIA,NL,3,0,0,0,0,0,0,0,0,0,0,0,0,0,0,0,0
detwiro01,2016,1,CLE,AL,7,0,0,0,0,0,0,0,0,0,0,0,0,0,0,0,0
detwiro01,2016,2,OAK,AL,9,1,0,0,0,0,0,0,0,0,0,1,0,0,1,0,0
devench02,2016,1,HOU,AL,48,0,0,0,0,0,0,0,0,0,0,0,0,0,0,0,0
diamosc01,2016,1,TOR,AL,1,0,0,0,0,0,0,0,0,0,0,0,0,0,0,0,0
diazal02,2016,1,SLN,NL,111,404,71,121,28,3,17,65,4,4,41,60,6,7,2,6,10
diazda01,2016,1,CIN,NL,6,0,0,0,0,0,0,0,0,0,0,0,0,0,0,0,0
diazed04,2016,1,SEA,AL,49,1,0,0,0,0,0,0,0,0,0,0,0,0,0,0,0
diazel01,2016,1,PIT,NL,1,4,0,0,0,0,0,1,0,0,0,1,0,0,0,0,0
diazju03,2016,1,CIN,NL,45,1,0,0,0,0,0,0,0,0,0,0,0,0,0,0,0
dickeal01,2016,1,SDN,NL,84,253,39,65,16,2,10,37,5,1,26,44,2,4,0,2,5
dickeco01,2016,1,TBA,AL,148,510,57,125,36,3,24,70,0,2,33,134,6,2,0,2,12
dickera01,2016,1,TOR,AL,31,1,0,0,0,0,0,0,0,0,0,1,0,0,0,0,0
diekmja01,2016,1,TEX,AL,66,0,0,0,0,0,0,0,0,0,0,0,0,0,0,0,0
dietrde01,2016,1,MIA,NL,128,351,39,98,20,5,7,42,1,0,32,84,2,24,0,5,6
difowi01,2016,1,WAS,NL,31,58,14,16,3,0,1,7,3,0,8,12,1,0,0,0,0
dominjo01,2016,1,SDN,NL,34,0,0,0,0,0,0,0,0,0,0,0,0,0,0,0,0
dominma01,2016,1,TOR,AL,5,11,0,0,0,0,0,0,0,0,1,3,0,0,0,0,0
donaljo02,2016,1,TOR,AL,155,577,122,164,32,5,37,99,7,1,109,119,6,9,2,3,16
doolise01,2016,1,OAK,AL,44,0,0,0,0,0,0,0,0,0,0,0,0,0,0,0,0
doziebr01,2016,1,MIN,AL,155,615,104,165,35,5,42,99,18,2,61,138,6,8,2,5,12
doziehu01,2016,1,KCA,AL,8,19,4,4,1,0,0,1,0,0,2,8,0,0,0,0,0
drabeky01,2016,1,ARI,NL,1,0,0,0,0,0,0,0,0,0,0,0,0,0,0,0,0
drakeol01,2016,1,BAL,AL,14,1,0,0,0,0,0,0,0,0,0,1,0,0,0,0,0
drewst01,2016,1,WAS,NL,70,143,24,38,11,1,8,21,0,1,16,31,0,2,0,4,3
drurybr01,2016,1,ARI,NL,134,461,59,130,31,1,16,53,1,1,31,100,2,3,0,4,14
dudalu01,2016,1,NYN,NL,47,153,20,35,7,0,7,23,0,0,15,36,2,2,0,2,1
duensbr01,2016,1,BAL,AL,14,0,0,0,0,0,0,0,0,0,0,0,0,0,0,0,0
duffety01,2016,1,MIN,AL,26,1,0,0,0,0,0,0,0,0,0,1,0,0,1,0,0
duffyda01,2016,1,KCA,AL,42,5,1,1,0,0,0,1,0,0,0,1,0,0,1,0,0
duffyma01,2016,1,SFN,NL,70,257,32,65,11,2,4,21,8,4,20,40,0,4,2,3,9
duffyma01,2016,2,TBA,AL,21,76,9,21,3,0,1,7,0,1,3,13,0,0,0,1,4
duffyma02,2016,1,HOU,AL,3,3,0,0,0,0,0,0,0,0,0,2,0,0,0,0,0
dukeza01,2016,1,CHA,AL,53,0,0,0,0,0,0,0,0,0,0,0,0,0,0,0,0
dukeza01,2016,2,SLN,NL,28,0,0,0,0,0,0,0,0,0,0,0,0,0,0,0,0
dullry01,2016,1,OAK,AL,70,0,0,0,0,0,0,0,0,0,0,0,0,0,0,0,0
dunnmi01,2016,1,MIA,NL,51,0,0,0,0,0,0,0,0,0,0,0,0,0,0,0,0
duvalad01,2016,1,CIN,NL,150,552,85,133,31,6,33,103,6,5,41,164,1,6,0,8,7
dysonja01,2016,1,KCA,AL,107,299,46,83,14,8,1,25,30,7,26,39,2,3,8,1,4
dysonsa01,2016,1,TEX,AL,73,0,0,0,0,0,0,0,0,0,0,0,0,0,0,0,0
eatonad02,2016,1,CHA,AL,157,619,91,176,29,9,14,59,14,5,63,115,2,14,7,3,6
edginjo01,2016,1,NYN,NL,16,0,0,0,0,0,0,0,0,0,0,0,0,0,0,0,0
edwarca01,2016,1,CHN,NL,37,1,0,0,0,0,0,0,0,0,0,1,0,0,0,0,0
eflinza01,2016,1,PHI,NL,11,23,2,6,2,0,0,0,0,0,0,8,0,0,0,0,2
egeco01,2016,1,MIA,NL,5,1,0,1,0,0,0,0,0,0,0,0,0,0,0,0,0
egeco01,2016,2,LAA,AL,13,0,0,0,0,0,0,0,0,0,0,0,0,0,0,0,0
eibnebr01,2016,1,KCA,AL,26,78,11,18,6,0,3,10,0,0,6,23,1,0,1,0,1
eibnebr01,2016,2,OAK,AL,44,109,10,18,4,1,3,12,0,2,13,27,0,0,0,1,2
eickhje01,2016,1,PHI,NL,33,61,4,8,3,0,0,5,0,0,1,12,0,0,0,0,3
eliasro01,2016,1,BOS,AL,3,0,0,0,0,0,0,0,0,0,0,0,0,0,0,0,0
ellinbr02,2016,1,MIA,NL,32,1,0,0,0,0,0,0,0,0,0,1,0,0,0,0,0
ellisaj01,2016,1,LAN,NL,53,139,8,27,5,0,1,13,1,1,16,24,2,2,3,1,5
ellisaj01,2016,2,PHI,NL,11,32,3,10,3,0,1,9,1,0,3,7,0,0,0,0,0
ellsbja01,2016,1,NYA,AL,148,551,71,145,24,5,9,56,20,8,54,84,1,2,4,3,11
elmorja01,2016,1,MIL,NL,59,78,7,17,2,0,0,4,2,3,17,17,1,2,2,0,1
encared01,2016,1,TOR,AL,160,601,99,158,34,0,42,127,2,0,87,138,3,5,0,8,22
eovalna01,2016,1,NYA,AL,24,5,0,0,0,0,0,0,0,0,1,4,0,0,1,0,0
erlinro01,2016,1,SDN,NL,3,6,0,0,0,0,0,0,0,0,0,3,0,0,0,0,0
eschja01,2016,1,MIA,NL,3,5,1,1,0,0,0,0,0,0,0,2,0,0,0,0,0
escobal02,2016,1,KCA,AL,162,637,57,166,24,6,7,55,17,4,27,96,2,3,10,5,16
escobed01,2016,1,MIN,AL,105,352,32,83,14,2,6,37,1,3,21,72,1,1,2,1,7
escobed02,2016,1,ARI,NL,25,2,0,0,0,0,0,0,0,0,0,1,0,0,0,0,0
escobyu01,2016,1,LAA,AL,132,517,68,157,28,1,5,39,0,3,40,67,0,3,3,4,21
espinda01,2016,1,WAS,NL,157,516,66,108,15,0,24,72,9,2,54,174,12,20,7,4,4
estevca01,2016,1,COL,NL,63,0,0,0,0,0,0,0,0,0,0,0,0,0,0,0,0
estrama01,2016,1,TOR,AL,29,5,0,0,0,0,0,0,0,0,0,3,0,0,0,0,0
ethiean01,2016,1,LAN,NL,16,24,2,5,1,0,1,2,0,0,2,6,1,0,0,0,1
evelada01,2016,1,TBA,AL,33,0,0,0,0,0,0,0,0,0,0,0,0,0,0,0,0
familje01,2016,1,NYN,NL,78,0,0,0,0,0,0,0,0,0,0,0,0,0,0,0,0
farmebu01,2016,1,DET,AL,14,0,0,0,0,0,0,0,0,0,0,0,0,0,0,0,0
farquda01,2016,1,TBA,AL,35,0,0,0,0,0,0,0,0,0,0,0,0,0,0,0,0
faulkan01,2016,1,TEX,AL,9,0,0,0,0,0,0,0,0,0,0,0,0,0,0,0,0
feathta01,2016,1,PHI,NL,19,26,2,3,1,0,0,1,2,0,2,11,0,0,0,0,0
federti01,2016,1,CHN,NL,17,31,3,6,2,0,0,3,0,0,1,12,0,0,0,1,1
feldmsc01,2016,1,HOU,AL,26,2,0,0,0,0,0,0,0,0,0,2,0,0,0,0,0
feldmsc01,2016,2,TOR,AL,14,0,0,0,0,0,0,0,0,0,0,0,0,0,0,0,0
felizmi01,2016,1,HOU,AL,47,0,0,0,0,0,0,0,0,0,0,0,0,0,0,0,0
felizne01,2016,1,PIT,NL,62,0,0,0,0,0,0,0,0,0,0,0,0,0,0,0,0
fernajo02,2016,1,MIA,NL,30,52,3,13,2,0,0,6,0,0,1,13,0,0,8,0,1
fieldjo03,2016,1,HOU,AL,15,0,0,0,0,0,0,0,0,0,0,0,0,0,0,0,0
fieldjo03,2016,2,LAN,NL,22,1,0,0,0,0,0,0,0,0,0,1,0,0,0,0,0
fieldpr01,2016,1,TEX,AL,89,326,29,69,16,0,8,44,0,0,32,63,1,7,0,5,12
fienca01,2016,1,MIN,AL,14,0,0,0,0,0,0,0,0,0,0,0,0,0,0,0,0
fienca01,2016,2,LAN,NL,25,0,0,0,0,0,0,0,0,0,0,0,0,0,0,0,0
fiersmi01,2016,1,HOU,AL,31,0,0,0,0,0,0,0,0,0,0,0,0,0,0,0,0
figueco01,2016,1,PIT,NL,23,26,0,4,0,0,0,3,1,0,1,2,0,0,0,0,0
finnebr01,2016,1,CIN,NL,33,53,4,6,2,0,0,2,0,0,3,18,0,0,5,0,2
fistedo01,2016,1,HOU,AL,32,5,0,1,0,0,0,2,0,0,0,1,0,0,2,0,0
flahery01,2016,1,BAL,AL,74,157,16,34,7,0,3,15,2,0,17,48,1,0,1,1,1
flandyo01,2016,1,COL,NL,2,0,0,0,0,0,0,0,0,0,0,0,0,0,1,0,0
floreke01,2016,1,MIA,NL,1,1,0,0,0,0,0,0,0,0,0,1,0,0,0,0,0
florera02,2016,1,MIL,NL,104,249,18,51,8,0,2,19,3,0,31,58,3,2,3,4,11
florewi01,2016,1,NYN,NL,103,307,38,82,14,0,16,49,1,1,23,48,0,2,0,3,9
floripe01,2016,1,PIT,NL,18,24,4,5,1,1,0,4,0,1,1,12,0,0,0,0,0
florody01,2016,1,TBA,AL,12,0,0,0,0,0,0,0,0,0,0,0,0,0,0,0,0
flowety01,2016,1,ATL,NL,83,281,27,76,18,0,8,41,0,0,29,91,1,11,0,4,3
floydga01,2016,1,TOR,AL,28,1,0,0,0,0,0,0,0,0,0,0,0,0,0,0,0
flynnbr01,2016,1,KCA,AL,36,0,0,0,0,0,0,0,0,0,0,0,0,0,0,0,0
foltymi01,2016,1,ATL,NL,22,36,3,5,1,0,0,1,0,0,1,19,0,0,5,0,0
forsylo01,2016,1,TBA,AL,127,511,76,135,24,4,20,52,6,6,46,127,0,8,0,2,8
fowlede01,2016,1,CHN,NL,125,456,84,126,25,7,13,48,13,4,79,124,0,11,1,4,3
francje02,2016,1,ATL,NL,99,257,29,64,13,0,7,33,2,0,16,75,2,0,0,3,4
francje02,2016,2,MIA,NL,26,50,4,14,2,1,0,1,0,2,4,15,0,0,1,0,1
francma02,2016,1,PHI,NL,152,581,67,148,23,1,25,88,1,1,40,106,7,5,0,4,13
frankni01,2016,1,TBA,AL,60,174,18,47,10,1,6,26,6,1,12,42,1,3,2,0,1
fraziad01,2016,1,PIT,NL,66,146,21,44,8,1,2,11,4,1,12,26,0,1,0,1,0
frazito01,2016,1,CHA,AL,158,590,89,133,21,0,40,98,15,5,64,163,1,4,1,7,11
freemfr01,2016,1,ATL,NL,158,589,102,178,43,6,34,91,6,1,89,171,18,10,0,5,12
freemmi01,2016,1,ARI,NL,8,9,0,0,0,0,0,0,0,0,2,5,0,0,0,0,1
freemmi01,2016,2,SEA,AL,13,13,1,5,1,0,0,1,0,0,0,2,0,0,0,0,1
freemsa01,2016,1,MIL,NL,7,0,0,0,0,0,0,0,0,0,0,0,0,0,0,0,0
freesda01,2016,1,PIT,NL,141,437,63,118,23,0,13,55,0,0,45,142,2,10,0,0,15
friasca01,2016,1,LAN,NL,1,1,0,0,0,0,0,0,0,0,0,1,0,0,0,0,0
friedch01,2016,1,SDN,NL,24,37,2,2,0,0,0,2,0,0,3,23,0,0,3,0,1
fryerer01,2016,1,SLN,NL,24,38,7,14,2,0,0,5,0,1,3,7,0,0,0,0,0
fryerer01,2016,2,PIT,NL,36,78,12,17,2,1,0,8,0,2,10,18,0,0,2,2,1
fuentre01,2016,1,KCA,AL,13,41,2,13,1,0,0,5,0,2,3,8,0,0,0,0,0
fulmeca01,2016,1,CHA,AL,8,0,0,0,0,0,0,0,0,0,0,0,0,0,0,0,0
fulmemi01,2016,1,DET,AL,26,2,0,0,0,0,0,0,0,0,0,2,0,0,0,0,0
gallayo01,2016,1,BAL,AL,24,4,1,2,0,0,0,0,0,0,1,1,0,0,1,0,0
gallojo01,2016,1,TEX,AL,17,25,2,1,0,0,1,1,1,0,5,19,0,0,0,0,0
galvifr01,2016,1,PHI,NL,158,584,61,141,26,3,20,67,17,6,25,136,6,3,8,4,16
gamboed01,2016,1,TBA,AL,7,0,0,0,0,0,0,0,0,0,0,0,0,0,0,0,0
gamelbe01,2016,1,NYA,AL,6,8,1,1,0,0,0,0,0,0,1,1,0,0,1,0,1
gamelbe01,2016,2,SEA,AL,27,40,8,8,2,0,1,5,0,0,5,15,0,0,2,0,0
gantjo01,2016,1,ATL,NL,20,7,0,0,0,0,0,0,0,0,0,1,0,0,3,0,0
garciad01,2016,1,ATL,NL,134,532,65,145,29,0,14,65,3,2,24,93,4,6,0,0,18
garciav01,2016,1,CHA,AL,120,413,59,101,18,2,12,51,4,4,34,115,0,4,0,2,9
garcigr01,2016,1,SLN,NL,99,214,33,59,11,0,3,17,1,1,38,50,4,4,0,1,3
garcija01,2016,1,SFN,NL,62,0,0,0,0,0,0,0,0,0,0,0,0,0,0,0,0
garcija02,2016,1,SLN,NL,32,41,3,7,0,0,0,4,0,0,2,17,0,0,7,1,0
garcile02,2016,1,CHA,AL,18,48,6,11,1,1,1,5,2,1,1,13,0,1,0,0,0
garcilu03,2016,1,PHI,NL,17,0,0,0,0,0,0,0,0,0,0,0,0,0,1,0,0
garciyi01,2016,1,LAN,NL,9,0,0,0,0,0,0,0,0,0,0,0,0,0,0,0,0
gardnbr01,2016,1,NYA,AL,148,547,80,143,22,6,7,41,16,4,70,106,0,8,4,5,6
garnedu01,2016,1,COL,NL,24,68,7,16,6,0,1,6,0,0,6,22,0,0,0,1,1
garnepe01,2016,1,CLE,AL,8,0,0,0,0,0,0,0,0,0,0,0,0,0,0,0,0
gartory01,2016,1,TBA,AL,37,0,0,0,0,0,0,0,0,0,0,0,0,0,0,0,0
garzama01,2016,1,MIL,NL,19,28,1,1,0,0,0,0,0,0,2,17,0,0,3,0,1
gattiev01,2016,1,HOU,AL,128,447,58,112,19,0,32,72,2,1,43,127,6,4,0,5,12
gausmke01,2016,1,BAL,AL,30,2,0,0,0,0,0,0,0,0,1,2,0,0,0,0,0
gearrco01,2016,1,SFN,NL,56,1,0,1,0,0,0,0,0,0,0,0,0,0,0,0,0
geedi01,2016,1,KCA,AL,33,1,0,0,0,0,0,0,0,0,0,0,0,0,2,0,0
geltzst01,2016,1,TBA,AL,27,0,0,0,0,0,0,0,0,0,0,0,0,0,0,0,0
gennesc01,2016,1,MIL,NL,136,498,58,131,30,1,14,56,8,1,38,114,1,2,1,2,11
gentrcr01,2016,1,LAA,AL,14,34,2,5,1,0,0,2,0,0,3,6,0,1,1,0,2
germego01,2016,1,COL,NL,40,3,0,0,0,0,0,0,0,0,0,1,0,0,0,0,0
giavojo01,2016,1,LAA,AL,99,346,44,90,20,1,6,31,4,3,13,39,0,1,4,3,11
gibsoky01,2016,1,MIN,AL,25,7,1,0,0,0,0,0,0,0,1,5,0,0,0,0,0
gileske01,2016,1,HOU,AL,69,0,0,0,0,0,0,0,0,0,0,0,0,0,0,0,0
gillaco01,2016,1,SFN,NL,101,191,24,50,8,4,6,25,1,2,12,28,3,1,0,1,3
gilleco01,2016,1,MIA,NL,41,51,7,12,3,2,0,5,0,0,3,14,0,0,0,1,1
gilmase01,2016,1,NYN,NL,14,0,0,0,0,0,0,0,0,0,0,0,0,0,0,0,0
gimench01,2016,1,CLE,AL,68,139,17,30,4,0,4,11,0,0,10,41,0,1,4,1,8
giolilu01,2016,1,WAS,NL,6,4,1,1,0,0,0,0,0,0,0,1,0,0,2,0,0
girodch01,2016,1,TOR,AL,14,0,0,0,0,0,0,0,0,0,0,0,0,0,0,0,0
givenmy01,2016,1,BAL,AL,66,2,0,0,0,0,0,0,0,0,0,1,0,0,0,0,0
glasnty01,2016,1,PIT,NL,7,7,0,1,0,0,0,0,0,0,0,4,0,0,0,0,0
gloveko01,2016,1,WAS,NL,19,0,0,0,0,0,0,0,0,0,0,0,0,0,0,0,0
godleza01,2016,1,ARI,NL,27,18,1,2,0,0,0,0,0,0,0,9,0,0,1,0,0
goedder01,2016,1,NYN,NL,36,0,0,0,0,0,0,0,0,0,0,0,0,0,0,0,0
goeddty01,2016,1,PHI,NL,92,213,17,41,3,3,4,16,3,0,17,52,0,2,1,1,4
goforda01,2016,1,MIL,NL,10,0,0,0,0,0,0,0,0,0,0,0,0,0,0,0,0
goinsry01,2016,1,TOR,AL,77,183,13,34,9,2,3,12,1,1,9,48,0,1,3,0,6
goldspa01,2016,1,ARI,NL,158,579,106,172,33,3,24,95,32,5,110,150,15,7,0,8,14
gomesya01,2016,1,CLE,AL,74,251,22,42,11,1,9,34,0,0,9,69,0,2,0,2,7
gomezca01,2016,1,HOU,AL,85,295,27,62,16,1,5,29,13,2,21,100,2,4,3,0,11
gomezca01,2016,2,TEX,AL,33,116,18,33,6,0,8,24,5,3,13,36,0,1,0,0,0
gomezje01,2016,1,PHI,NL,70,0,0,0,0,0,0,0,0,0,0,0,0,0,0,0,0
gonzaad01,2016,1,LAN,NL,156,568,69,162,31,0,18,90,0,2,55,117,9,4,0,6,16
gonzaca01,2016,1,COL,NL,150,584,87,174,42,2,25,100,2,2,46,129,6,1,0,1,10
gonzach01,2016,1,TEX,AL,3,0,0,0,0,0,0,0,0,0,0,0,0,0,0,0,0
gonzaer01,2016,1,CLE,AL,21,16,2,5,0,0,0,0,0,1,1,8,0,0,0,0,0
gonzagi01,2016,1,WAS,NL,32,52,1,7,2,0,0,2,0,0,0,24,0,1,5,1,0
gonzama01,2016,1,HOU,AL,141,484,55,123,26,3,13,51,12,6,22,118,1,5,6,1,16
gonzami03,2016,1,CHA,AL,24,1,0,0,0,0,0,0,0,0,0,1,0,0,0,0,0
gonzase01,2016,1,PHI,NL,27,1,0,0,0,0,0,0,0,0,0,0,0,0,0,0,0
goodwbr01,2016,1,WAS,NL,22,42,1,12,4,1,0,5,0,0,2,14,0,0,0,0,1
goodyni01,2016,1,NYA,AL,27,0,0,0,0,0,0,0,0,0,0,0,0,0,0,0,0
gordoal01,2016,1,KCA,AL,128,445,62,98,16,2,17,40,8,1,52,148,3,8,0,1,9
gordode01,2016,1,MIA,NL,79,325,47,87,7,6,1,14,30,7,18,55,1,0,1,1,4
gorete01,2016,1,KCA,AL,17,3,6,0,0,0,0,0,11,2,0,1,0,0,0,0,0
gorzeto01,2016,1,CLE,AL,7,0,0,0,0,0,0,0,0,0,0,0,0,0,0,0,0
gosean01,2016,1,DET,AL,30,91,11,19,2,2,2,7,0,1,9,38,0,1,0,0,1
gosewtu01,2016,1,ARI,NL,33,90,8,14,1,1,3,7,0,0,7,22,0,1,1,0,1
gosseph01,2016,1,ARI,NL,122,220,26,61,12,1,2,13,3,0,15,46,0,1,2,2,0
gotttr01,2016,1,WAS,NL,9,0,0,0,0,0,0,0,0,0,0,0,0,0,0,0,0
gourryu01,2016,1,HOU,AL,36,130,13,34,7,0,3,15,1,1,5,12,0,1,0,1,7
gracema02,2016,1,WAS,NL,6,0,0,0,0,0,0,0,0,0,0,0,0,0,0,0,0
grahajr01,2016,1,MIN,AL,1,0,0,0,0,0,0,0,0,0,0,0,0,0,0,0,0
grandcu01,2016,1,NYN,NL,150,545,88,129,24,5,30,59,4,2,74,130,7,9,0,5,10
grandya01,2016,1,LAN,NL,126,390,49,89,14,1,27,72,1,3,64,116,1,2,0,1,11
grateju01,2016,1,LAA,AL,9,14,2,4,2,0,0,3,0,0,0,3,0,0,1,0,0
graveke01,2016,1,OAK,AL,31,4,0,0,0,0,0,0,0,0,0,3,0,0,1,0,0
grayjo02,2016,1,COL,NL,29,47,2,7,2,0,0,4,0,0,2,30,0,0,6,0,0
grayso01,2016,1,OAK,AL,22,2,0,0,0,0,0,0,0,0,0,1,0,0,1,0,0
greench03,2016,1,NYA,AL,12,4,0,0,0,0,0,0,0,0,0,4,0,0,0,0,0
greengr01,2016,1,SFN,NL,18,46,7,12,2,0,1,7,0,0,3,8,0,0,0,1,3
greensh02,2016,1,DET,AL,50,2,0,0,0,0,0,0,0,0,0,0,0,0,0,0,0
gregelu01,2016,1,HOU,AL,59,0,0,0,0,0,0,0,0,0,0,0,0,0,0,0,0
gregodi01,2016,1,NYA,AL,153,562,68,155,32,2,20,70,7,1,19,82,2,6,5,5,9
greinza01,2016,1,ARI,NL,27,52,4,11,1,0,0,3,1,0,3,9,0,0,3,2,0
grichra01,2016,1,SLN,NL,132,446,66,107,29,3,24,68,5,4,28,141,0,3,0,1,9
griffaj01,2016,1,TEX,AL,23,2,0,0,0,0,0,0,0,0,0,2,0,0,0,0,0
grillja01,2016,1,ATL,NL,21,0,0,0,0,0,0,0,0,0,0,0,0,0,0,0,0
grillja01,2016,2,TOR,AL,46,0,0,0,0,0,0,0,0,0,0,0,0,0,0,0,0
grimmju01,2016,1,CHN,NL,68,0,0,0,0,0,0,0,0,0,0,0,0,0,0,0,0
grossro01,2016,1,MIN,AL,99,332,49,93,19,1,11,37,2,3,55,96,0,2,0,0,3
gsellro01,2016,1,NYN,NL,9,15,0,1,0,0,0,0,0,0,0,9,0,0,2,0,0
guaipma01,2016,1,SEA,AL,5,0,0,0,0,0,0,0,0,0,0,0,0,0,0,0,0
guerrde01,2016,1,LAA,AL,44,0,0,0,0,0,0,0,0,0,0,0,0,0,0,0,0
guerrja01,2016,1,LAA,AL,7,0,0,0,0,0,0,0,0,0,0,0,0,0,0,0,0
guerrju02,2016,1,MIL,NL,20,35,2,8,2,0,0,0,0,0,0,13,0,0,8,0,0
guerrta01,2016,1,SDN,NL,1,0,0,0,0,0,0,0,0,0,0,0,0,0,0,0,0
gurkaja01,2016,1,COL,NL,6,0,0,0,0,0,0,0,0,0,0,0,0,0,0,0,0
gustaja01,2016,1,HOU,AL,14,0,0,0,0,0,0,0,0,0,0,0,0,0,0,0,0
gutiefr01,2016,1,SEA,AL,98,248,33,61,9,0,14,39,1,0,29,85,0,3,0,3,6
guyerbr01,2016,1,TBA,AL,63,212,27,51,12,1,7,18,2,1,12,42,1,23,1,1,3
guyerbr01,2016,2,CLE,AL,38,81,12,27,5,0,2,14,1,1,7,13,0,8,0,0,3
gyorkje01,2016,1,SLN,NL,128,400,58,97,9,1,30,59,0,0,37,96,1,0,0,1,11
hahnje01,2016,1,OAK,AL,9,1,0,0,0,0,0,0,0,0,0,1,0,0,0,0,0
haleda02,2016,1,COL,NL,2,0,0,0,0,0,0,0,0,0,0,0,0,0,0,0,0
hallco01,2016,1,MIA,NL,2,0,0,0,0,0,0,0,0,0,0,0,0,0,0,0,0
hamelco01,2016,1,TEX,AL,32,8,0,1,0,0,0,0,0,0,0,1,0,0,0,0,0
hamilbi02,2016,1,CIN,NL,119,411,69,107,19,3,3,17,58,8,36,93,0,1,11,1,5
hammeja01,2016,1,CHN,NL,35,65,6,16,3,0,0,7,0,0,1,24,0,0,3,0,0
handbr01,2016,1,SDN,NL,82,4,0,0,0,0,0,0,0,0,0,1,0,0,1,0,0
hanigmi01,2016,1,ARI,NL,34,109,9,25,2,1,5,17,0,0,12,27,2,1,0,1,3
hanigry01,2016,1,BOS,AL,35,105,9,18,4,0,1,14,0,0,7,27,0,1,0,0,5
hansoal01,2016,1,PIT,NL,27,31,5,7,1,0,0,1,2,1,2,5,1,0,0,0,0
happja01,2016,1,TOR,AL,32,7,2,2,0,0,0,0,0,0,0,3,0,0,3,0,0
hardybl01,2016,1,DET,AL,21,0,0,0,0,0,0,0,0,0,0,0,0,0,0,0,0
hardyjj01,2016,1,BAL,AL,115,405,43,109,29,0,9,48,0,0,26,68,1,0,1,6,14
harpebr03,2016,1,WAS,NL,147,506,84,123,24,2,24,86,21,10,108,117,20,3,0,10,11
harrelu01,2016,1,ATL,NL,5,8,0,0,0,0,0,0,0,0,0,2,0,0,0,0,0
harrelu01,2016,2,TEX,AL,4,0,0,0,0,0,0,0,0,0,0,0,0,0,0,0,0
harrijo05,2016,1,PIT,NL,131,487,57,138,25,7,4,59,19,4,18,76,0,5,4,8,10
harriwi02,2016,1,HOU,AL,66,0,0,0,0,0,0,0,0,0,0,0,0,0,0,0,0
hartdo01,2016,1,BAL,AL,22,1,0,0,0,0,0,0,0,0,0,1,0,0,0,0,0
harvema01,2016,1,NYN,NL,17,22,2,3,1,0,0,0,0,0,0,8,0,0,3,0,1
hatchch02,2016,1,LAN,NL,37,3,0,1,0,0,0,1,0,0,0,0,0,0,0,0,0
hathast01,2016,1,ARI,NL,24,0,0,0,0,0,0,0,0,0,0,0,0,0,0,0,0
hayesdr01,2016,1,CIN,NL,6,1,0,0,0,0,0,0,0,0,0,0,0,0,1,0,0
hazelje01,2016,1,SLN,NL,114,200,35,47,7,3,12,28,5,2,18,64,2,0,4,2,1
headlch01,2016,1,NYA,AL,140,467,58,118,18,1,14,51,8,2,51,118,3,6,0,5,7
healyry01,2016,1,OAK,AL,72,269,36,82,20,0,13,37,0,0,12,60,1,1,1,0,7
heanean01,2016,1,LAA,AL,1,0,0,0,0,0,0,0,0,0,0,0,0,0,0,0,0
hechaad01,2016,1,MIA,NL,155,508,52,120,17,6,3,38,1,0,33,73,7,1,2,3,10
hedgeau01,2016,1,SDN,NL,8,24,2,3,1,0,0,1,0,1,0,7,0,1,0,1,0
heisech01,2016,1,WAS,NL,83,139,18,30,3,1,9,17,0,1,13,44,0,2,0,1,0
hellebe01,2016,1,NYA,AL,10,0,0,0,0,0,0,0,0,0,0,0,0,0,0,0,0
hellije01,2016,1,PHI,NL,32,54,3,9,1,0,0,4,0,0,4,24,0,0,8,0,1
hembrhe01,2016,1,BOS,AL,38,0,0,0,0,0,0,0,0,0,0,0,0,0,0,0,0
hendeji01,2016,1,NYN,NL,44,0,0,0,0,0,0,0,0,0,0,0,0,0,0,0,0
hendrky01,2016,1,CHN,NL,32,58,1,8,0,0,0,2,0,0,1,29,0,1,8,0,0
hendrli01,2016,1,OAK,AL,53,0,0,0,0,0,0,0,0,0,0,0,0,0,0,0,0
heredgu01,2016,1,SEA,AL,45,92,12,23,3,0,1,12,1,1,12,15,0,2,1,0,1
hernace02,2016,1,PHI,NL,155,547,67,161,14,11,6,39,17,13,66,116,4,2,5,2,6
hernada01,2016,1,PHI,NL,70,0,0,0,0,0,0,0,0,0,0,0,0,0,0,0,0
hernaen02,2016,1,LAN,NL,109,216,25,41,8,0,7,18,2,0,28,64,1,0,0,0,3
hernafe02,2016,1,SEA,AL,25,6,0,0,0,0,0,0,0,0,0,3,0,0,2,0,0
hernago01,2016,1,SFN,NL,26,54,7,14,5,0,2,4,0,1,3,11,0,0,0,0,0
hernama02,2016,1,BOS,AL,40,51,11,15,1,0,1,5,1,0,5,10,0,0,0,0,0
hernaos01,2016,1,ARI,NL,4,11,1,2,0,0,1,1,0,0,0,0,0,0,0,0,1
hernate01,2016,1,HOU,AL,41,100,15,23,7,0,4,11,0,2,11,28,1,0,0,1,5
herreke01,2016,1,KCA,AL,72,0,0,0,0,0,0,0,0,0,0,0,0,0,0,0,0
herreod01,2016,1,PHI,NL,159,583,87,167,21,6,15,49,25,7,63,134,7,6,2,2,6
herrmch01,2016,1,ARI,NL,56,148,21,42,5,4,6,28,4,0,16,44,1,0,1,1,2
herrmfr01,2016,1,PHI,NL,14,1,0,0,0,0,0,0,0,0,0,1,0,0,0,0,0
hesslke01,2016,1,ARI,NL,2,0,0,0,0,0,0,0,0,0,0,0,0,0,0,0,0
hesslke01,2016,2,SDN,NL,15,0,0,0,0,0,0,0,0,0,0,0,0,0,0,0,0
hestoch01,2016,1,SFN,NL,4,0,0,0,0,0,0,0,0,0,0,0,0,0,0,0,0
heywaja01,2016,1,CHN,NL,142,530,61,122,27,1,7,49,11,4,54,93,0,5,1,2,12
hicksaa01,2016,1,NYA,AL,123,327,32,71,13,1,8,31,3,4,30,68,1,0,1,3,7
hicksjo02,2016,1,DET,AL,1,2,1,1,1,0,0,0,0,0,0,0,0,0,0,0,0
hillaa01,2016,1,MIL,NL,78,254,34,72,11,0,8,29,4,2,30,43,0,2,0,4,5
hillaa01,2016,2,BOS,AL,47,124,14,27,3,0,2,9,0,0,11,16,2,1,0,0,1
hillri01,2016,1,OAK,AL,14,0,0,0,0,0,0,0,0,0,0,0,0,0,0,0,0
hillri01,2016,2,LAN,NL,6,12,0,0,0,0,0,0,0,0,0,8,0,0,0,0,0
hinojda01,2016,1,PHI,NL,10,0,0,0,0,0,0,0,0,0,0,0,0,0,0,0,0
hochelu01,2016,1,KCA,AL,40,0,0,0,0,0,0,0,0,0,0,0,0,0,0,0,0
hoffmje02,2016,1,COL,NL,8,8,0,0,0,0,0,0,0,0,0,2,0,0,1,0,0
holadbr01,2016,1,TEX,AL,30,84,14,20,6,1,2,13,0,1,5,16,0,2,1,2,0
holadbr01,2016,2,BOS,AL,14,33,3,7,1,0,0,1,0,0,2,12,0,0,0,0,1
holdejo02,2016,1,NYA,AL,8,0,0,0,0,0,0,0,0,0,0,0,0,0,0,0,0
hollade01,2016,1,TEX,AL,22,2,0,1,0,0,0,0,0,0,0,1,0,0,0,0,0
hollima01,2016,1,SLN,NL,110,382,48,94,20,1,20,62,0,0,35,71,1,8,0,1,9
holtbr01,2016,1,BOS,AL,94,290,45,74,16,0,7,34,4,3,27,58,0,3,1,3,5
holtty01,2016,1,CIN,NL,106,179,21,42,5,3,0,13,4,3,23,48,0,2,3,1,6
hoodde01,2016,1,MIA,NL,13,25,3,6,1,0,1,2,0,1,0,11,0,0,0,0,0
hoovejj01,2016,1,CIN,NL,18,0,0,0,0,0,0,0,0,0,0,0,0,0,0,0,0
hosmeer01,2016,1,KCA,AL,158,605,80,161,24,1,25,104,5,3,57,132,5,1,0,4,18
housetj01,2016,1,CLE,AL,4,0,0,0,0,0,0,0,0,0,0,0,0,0,0,0,0
howarry01,2016,1,PHI,NL,112,331,35,65,10,0,25,59,0,1,27,114,2,1,0,3,7
howeljp01,2016,1,LAN,NL,64,2,0,0,0,0,0,0,0,0,0,2,0,0,0,0,0
hoyinja01,2016,1,TEX,AL,39,46,8,10,2,0,0,5,1,0,3,8,0,0,0,0,0
hoytja01,2016,1,HOU,AL,22,0,0,0,0,0,0,0,0,0,0,0,0,0,0,0,0
hudsoda01,2016,1,ARI,NL,70,0,0,0,0,0,0,0,0,0,0,0,0,0,0,0,0
huffda01,2016,1,LAA,AL,2,0,0,0,0,0,0,0,0,0,0,0,0,0,0,0,0
hugheja02,2016,1,PIT,NL,67,1,0,0,0,0,0,0,0,0,0,1,0,0,0,0,0
hugheph01,2016,1,MIN,AL,12,2,0,0,0,0,0,0,0,0,0,2,0,0,0,0,0
hundlni01,2016,1,COL,NL,83,289,30,75,20,1,10,48,0,0,25,65,3,1,1,1,12
huntece01,2016,1,PHI,NL,13,34,3,3,0,0,1,1,0,0,2,6,0,0,0,0,1
hunteto02,2016,1,CLE,AL,21,0,0,0,0,0,0,0,0,0,0,0,0,0,0,0,0
hunteto02,2016,2,BAL,AL,12,0,0,0,0,0,0,0,0,0,0,0,0,0,0,0,0
hurshja01,2016,1,ATL,NL,2,0,0,0,0,0,0,0,0,0,0,0,0,0,0,0,0
hutchdr01,2016,1,TOR,AL,3,0,0,0,0,0,0,0,0,0,0,0,0,0,0,0,0
hutchdr01,2016,2,PIT,NL,6,1,0,0,0,0,0,0,0,0,0,1,0,0,0,0,0
iannech01,2016,1,SEA,AL,94,295,23,62,14,0,7,24,0,0,38,83,0,2,1,2,4
iglesjo01,2016,1,DET,AL,137,467,57,119,26,0,4,32,7,4,28,50,1,8,7,3,12
iglesra01,2016,1,CIN,NL,37,11,0,1,0,0,0,0,0,0,0,2,0,0,0,0,0
inciaen01,2016,1,ATL,NL,131,522,85,152,24,7,3,29,16,7,45,68,5,4,5,2,8
infanom01,2016,1,KCA,AL,39,134,16,32,9,1,0,11,0,0,9,23,0,0,2,4,0
iribahe01,2016,1,CIN,NL,24,45,6,14,0,3,0,2,1,0,0,11,0,0,0,0,2
iwakuhi01,2016,1,SEA,AL,33,2,0,0,0,0,0,0,0,0,0,1,0,0,1,0,0
jacksau01,2016,1,CHA,AL,54,181,24,46,12,2,0,18,2,1,17,39,0,1,2,2,3
jacksed01,2016,1,MIA,NL,8,0,0,0,0,0,0,0,0,0,0,0,0,0,0,0,0
jacksed01,2016,2,SDN,NL,16,23,2,5,1,0,0,2,1,0,3,11,0,0,1,0,0
jackslu01,2016,1,TEX,AL,8,0,0,0,0,0,0,0,0,0,0,0,0,0,0,0,0
janispa01,2016,1,BAL,AL,14,31,3,6,1,0,0,0,0,0,3,3,0,1,0,0,0
jankotr01,2016,1,SDN,NL,131,335,53,82,13,2,2,12,30,12,42,100,0,2,3,0,5
janseke01,2016,1,LAN,NL,72,0,0,0,0,0,0,0,0,0,0,0,0,0,0,0,0
jasojo01,2016,1,PIT,NL,132,380,45,102,25,3,8,42,0,4,45,74,0,5,1,1,8
jayjo02,2016,1,SDN,NL,90,347,49,101,26,1,2,26,2,0,19,78,0,6,1,0,5
jeffrje01,2016,1,MIL,NL,47,0,0,0,0,0,0,0,0,0,0,0,0,0,0,0,0
jeffrje01,2016,2,TEX,AL,12,0,0,0,0,0,0,0,0,0,0,0,0,0,0,0,0
jenkity01,2016,1,ATL,NL,14,13,0,0,0,0,0,0,0,0,0,4,0,0,4,0,0
jennida01,2016,1,CHA,AL,64,0,0,0,0,0,0,0,0,0,0,0,0,0,0,0,0
jennide01,2016,1,TBA,AL,65,200,22,40,7,1,7,20,2,0,21,58,0,2,1,1,4
jenseky01,2016,1,ARI,NL,17,31,5,6,0,1,2,7,0,0,2,13,0,1,0,0,1
jepseke01,2016,1,MIN,AL,33,0,0,0,0,0,0,0,0,0,0,0,0,0,0,0,0
jepseke01,2016,2,TBA,AL,25,0,0,0,0,0,0,0,0,0,0,0,0,0,0,0,0
jimenub01,2016,1,BAL,AL,30,4,0,0,0,0,0,0,0,0,0,1,0,0,0,0,0
johnsch05,2016,1,MIA,NL,113,243,20,54,11,0,5,24,0,0,19,78,2,1,1,0,13
johnser04,2016,1,CHA,AL,2,0,0,0,0,0,0,0,0,0,0,0,0,0,0,0,0
johnser04,2016,2,SDN,NL,4,4,0,0,0,0,0,0,0,0,0,3,0,0,1,0,0
johnsji04,2016,1,ATL,NL,65,1,0,0,0,0,0,0,0,0,0,1,0,0,0,0,0
johnske05,2016,1,ATL,NL,49,121,8,26,6,0,1,10,1,0,10,25,1,0,0,1,4
johnske05,2016,2,NYN,NL,82,183,17,49,8,0,9,24,3,0,15,40,1,2,0,1,2
johnsmi04,2016,1,LAN,NL,7,6,1,1,0,0,0,0,0,0,0,1,0,0,0,0,0
johnsst02,2016,1,SEA,AL,16,0,0,0,0,0,0,0,0,0,0,0,0,0,0,0,0
jonesad01,2016,1,BAL,AL,152,619,86,164,19,0,29,83,2,0,39,115,2,5,1,8,13
jonesja07,2016,1,DET,AL,13,28,3,6,3,0,0,2,0,0,0,12,0,0,0,0,1
jonesna01,2016,1,CHA,AL,71,0,0,0,0,0,0,0,0,0,0,0,0,0,0,0,0
josepca01,2016,1,BAL,AL,49,132,7,23,3,0,0,0,0,0,7,28,0,0,2,0,6
josepto01,2016,1,PHI,NL,107,315,47,81,15,0,21,47,1,1,22,75,0,4,0,6,11
joycema01,2016,1,PIT,NL,140,231,45,56,10,1,13,42,1,1,59,67,4,3,0,0,9
judgeaa01,2016,1,NYA,AL,27,84,10,15,2,0,4,10,0,1,9,42,0,1,0,1,2
jungmta01,2016,1,MIL,NL,8,8,1,1,0,0,0,0,0,0,0,4,0,0,0,0,0
kahnlto01,2016,1,CHA,AL,29,0,0,0,0,0,0,0,0,0,0,0,0,0,0,0,0
kalisry01,2016,1,CHN,NL,7,7,1,2,0,0,0,2,0,0,1,0,0,1,1,0,0
kangju01,2016,1,PIT,NL,103,318,45,81,19,0,21,62,3,1,36,79,1,14,0,2,11
karnsna01,2016,1,SEA,AL,22,1,0,0,0,0,0,0,0,0,0,0,0,0,0,0,0
kawasmu01,2016,1,CHN,NL,14,21,3,7,2,0,0,1,2,0,4,5,0,1,0,0,1
kazmisc01,2016,1,LAN,NL,27,43,3,5,0,0,0,2,0,0,1,24,0,0,6,0,1
kelake01,2016,1,TEX,AL,35,0,0,0,0,0,0,0,0,0,0,0,0,0,0,0,0
kellesh01,2016,1,WAS,NL,67,1,0,0,0,0,0,0,0,0,0,1,0,0,0,0,0
kellyca01,2016,1,ATL,NL,10,2,0,0,0,0,0,0,0,0,0,1,0,0,1,0,0
kellyca02,2016,1,SLN,NL,10,13,1,2,1,0,0,1,0,0,0,2,0,1,0,0,0
kellydo01,2016,1,MIA,NL,13,27,2,4,0,2,0,3,0,0,2,5,0,0,0,1,2
kellyjo05,2016,1,BOS,AL,20,0,0,0,0,0,0,0,0,0,0,0,0,0,0,0,0
kellyty01,2016,1,NYN,NL,39,58,9,14,1,1,1,7,0,0,11,9,0,0,0,2,2
kempma01,2016,1,SDN,NL,100,409,54,107,24,0,23,69,0,0,16,100,3,0,0,6,8
kempma01,2016,2,ATL,NL,56,214,35,60,15,0,12,39,1,0,20,56,3,1,0,6,9
kempto01,2016,1,HOU,AL,59,120,15,26,4,3,1,7,2,1,14,27,0,0,1,1,5
kendrho01,2016,1,LAN,NL,146,487,65,124,26,2,8,40,10,2,50,96,2,3,0,3,20
kenneia01,2016,1,KCA,AL,33,3,0,0,0,0,0,0,0,0,0,2,0,0,0,0,0
kensilo01,2016,1,DET,AL,3,0,0,0,0,0,0,0,0,0,0,0,0,0,0,0,0
keplema01,2016,1,MIN,AL,113,396,52,93,20,2,17,63,6,2,42,93,3,3,1,5,2
kershcl01,2016,1,LAN,NL,23,46,2,8,1,0,0,3,0,0,1,12,0,0,3,0,0
keuchda01,2016,1,HOU,AL,26,2,0,0,0,0,0,0,0,0,0,0,0,0,0,0,0
kiebosp01,2016,1,WAS,NL,1,0,1,0,0,0,0,0,0,0,1,0,0,0,0,0,0
kiekhde01,2016,1,SLN,NL,26,1,0,0,0,0,0,0,0,0,0,0,0,0,0,0,0
kiermke01,2016,1,TBA,AL,105,366,55,90,20,2,12,37,21,3,40,74,1,7,0,1,5
kimbrcr01,2016,1,BOS,AL,57,0,0,0,0,0,0,0,0,0,0,0,0,0,0,0,0
kimhy01,2016,1,BAL,AL,95,305,36,92,16,1,6,22,1,3,36,51,0,4,0,1,5
kinslia01,2016,1,DET,AL,153,618,117,178,29,4,28,83,14,6,45,115,0,13,0,3,5
kintzbr01,2016,1,MIN,AL,54,0,0,0,0,0,0,0,0,0,0,0,0,0,0,0,0
kipnija01,2016,1,CLE,AL,156,610,91,168,41,4,23,82,15,3,60,146,0,6,5,7,21
kirkmmi01,2016,1,SDN,NL,1,0,0,0,0,0,0,0,0,0,0,0,0,0,0,0,0
kirkmmi01,2016,2,MIL,NL,1,0,0,0,0,0,0,0,0,0,0,0,0,0,0,0,0
kivlepa01,2016,1,SDN,NL,5,16,5,4,0,0,1,2,0,0,2,9,0,1,0,0,0
kivlepa01,2016,2,CIN,NL,3,5,0,0,0,0,0,0,0,0,0,2,0,0,0,0,0
kleinph01,2016,1,TEX,AL,8,0,0,0,0,0,0,0,0,0,0,0,0,0,0,0,0
kleinph01,2016,2,PHI,NL,4,2,0,0,0,0,0,0,0,0,0,2,0,0,0,0,0
klubeco01,2016,1,CLE,AL,32,4,1,1,1,0,0,0,0,0,0,3,0,0,2,0,0
knebeco01,2016,1,MIL,NL,35,0,0,0,0,0,0,0,0,0,0,0,0,0,0,0,0
kochma01,2016,1,ARI,NL,7,3,0,0,0,0,0,0,0,0,1,3,0,0,2,0,0
koehlto01,2016,1,MIA,NL,33,51,1,5,0,0,0,4,0,0,1,28,0,0,4,0,0
kontoge01,2016,1,SFN,NL,57,0,0,0,0,0,0,0,0,0,0,0,0,0,0,0,0
kratzer01,2016,1,HOU,AL,15,29,0,2,1,0,0,0,0,0,1,14,0,0,0,0,1
kratzer01,2016,2,PIT,NL,18,56,3,6,1,0,1,4,0,0,0,18,0,0,1,0,2
krolia01,2016,1,ATL,NL,63,1,0,0,0,0,0,0,0,0,0,0,0,0,0,0,0
kuhlch01,2016,1,PIT,NL,15,23,0,2,0,0,0,0,0,0,1,9,0,0,2,0,0
lackejo01,2016,1,CHN,NL,29,63,1,6,2,0,0,2,0,0,2,31,0,0,4,0,1
ladenty01,2016,1,OAK,AL,45,48,6,4,0,0,0,1,2,0,1,13,0,0,1,0,3
lagarju01,2016,1,NYN,NL,79,142,15,34,7,2,3,9,4,2,11,27,1,2,4,1,4
lakeju01,2016,1,TOR,AL,22,35,5,7,3,0,1,2,1,0,4,11,0,0,0,0,0
lallibl01,2016,1,ATL,NL,10,13,0,2,1,0,0,1,0,0,0,3,0,0,0,0,1
lamarry01,2016,1,BOS,AL,6,5,1,0,0,0,0,0,0,0,1,2,0,0,0,0,1
lambja01,2016,1,ARI,NL,151,523,81,130,31,9,29,91,6,1,64,154,5,3,0,4,13
lambjo02,2016,1,CIN,NL,14,20,0,1,0,0,0,0,0,0,1,12,0,0,1,0,0
lamboan01,2016,1,OAK,AL,1,1,0,0,0,0,0,0,0,0,0,0,0,0,0,0,0
lasteto01,2016,1,CHN,NL,74,148,17,40,12,1,2,11,0,1,18,27,1,2,0,0,2
latosma01,2016,1,CHA,AL,11,2,0,0,0,0,0,0,0,0,0,2,0,0,0,0,0
latosma01,2016,2,WAS,NL,6,3,1,1,0,0,1,1,0,0,0,1,0,0,0,0,0
lawde01,2016,1,SFN,NL,61,1,0,0,0,0,0,0,0,0,0,0,0,0,0,0,0
lawribr01,2016,1,CHA,AL,94,351,35,87,22,0,12,36,7,3,30,109,2,2,0,1,3
layneto01,2016,1,BOS,AL,34,0,0,0,0,0,0,0,0,0,0,0,0,0,0,0,0
layneto01,2016,2,NYA,AL,29,0,0,0,0,0,0,0,0,0,0,0,0,0,0,0,0
leakemi01,2016,1,SLN,NL,34,49,3,7,1,0,0,4,0,0,3,19,0,0,3,0,3
leblawa01,2016,1,SEA,AL,11,0,0,0,0,0,0,0,0,0,0,0,0,0,0,0,0
leblawa01,2016,2,PIT,NL,8,1,0,0,0,0,0,0,0,0,0,1,0,0,0,0,0
leclejo01,2016,1,TEX,AL,12,0,0,0,0,0,0,0,0,0,0,0,0,0,0,0,0
leeda02,2016,1,SEA,AL,104,292,33,74,9,0,14,49,0,0,20,74,2,5,0,0,8
lemahdj01,2016,1,COL,NL,146,552,104,192,32,8,11,66,11,7,66,80,2,3,8,6,19
leonar01,2016,1,TOR,AL,2,0,0,0,0,0,0,0,0,0,0,0,0,0,0,0,0
leonedo01,2016,1,ARI,NL,25,0,0,0,0,0,0,0,0,0,0,0,0,0,0,0,0
leonsa01,2016,1,BOS,AL,78,252,36,78,17,2,7,35,0,0,23,66,1,2,4,2,4
lestejo01,2016,1,CHN,NL,33,59,3,6,3,0,0,6,0,0,6,18,0,0,10,0,2
lewisco01,2016,1,TEX,AL,19,0,0,0,0,0,0,0,0,0,0,0,0,0,0,0,0
liberad01,2016,1,LAN,NL,58,0,0,0,0,0,0,0,0,0,0,0,0,0,0,0,0
lightpa01,2016,1,BOS,AL,2,0,0,0,0,0,0,0,0,0,0,0,0,0,0,0,0
lightpa01,2016,2,MIN,AL,15,0,0,0,0,0,0,0,0,0,0,0,0,0,0,0,0
linceti01,2016,1,LAA,AL,9,0,0,0,0,0,0,0,0,0,0,0,0,0,0,0,0
lindad01,2016,1,SEA,AL,126,401,48,96,17,0,20,58,0,1,26,89,3,1,0,2,14
lindofr01,2016,1,CLE,AL,158,604,99,182,30,3,15,78,19,5,57,88,3,5,3,15,18
liriafr01,2016,1,PIT,NL,23,42,2,12,1,0,1,5,0,0,0,16,0,0,0,0,0
liriafr01,2016,2,TOR,AL,10,0,0,0,0,0,0,0,0,0,0,0,0,0,0,0,0
lobatjo01,2016,1,WAS,NL,39,99,10,23,3,1,3,8,0,0,12,18,1,1,1,1,4
lobstky01,2016,1,PIT,NL,14,2,0,0,0,0,0,0,0,0,0,1,0,0,0,0,0
lockeje01,2016,1,PIT,NL,31,32,0,4,0,0,0,0,0,0,1,17,0,0,6,0,0
loewead01,2016,1,ARI,NL,8,0,0,0,0,0,0,0,0,0,0,0,0,0,0,0,0
loganbo02,2016,1,COL,NL,66,0,0,0,0,0,0,0,0,0,0,0,0,0,0,0,0
lohseky01,2016,1,TEX,AL,2,0,0,0,0,0,0,0,0,0,0,0,0,0,0,0,0
loneyja01,2016,1,NYN,NL,100,343,30,91,16,1,9,34,0,0,16,37,3,5,1,1,11
longoev01,2016,1,TBA,AL,160,633,81,173,41,4,36,98,0,3,42,144,6,3,0,7,13
lopezja02,2016,1,SFN,NL,68,1,0,0,0,0,0,0,0,0,0,1,0,0,0,0,0
lopezra02,2016,1,CIN,NL,8,7,0,0,0,0,0,0,0,0,0,3,0,0,0,0,0
lopezre01,2016,1,WAS,NL,11,12,0,1,0,0,0,0,0,0,0,7,0,0,2,0,0
lorenmi01,2016,1,CIN,NL,36,5,1,1,0,0,1,3,0,0,0,2,0,0,0,0,0
loughda01,2016,1,PHI,NL,30,67,6,16,3,1,0,4,1,2,9,8,1,2,0,1,0
loupaa01,2016,1,TOR,AL,21,0,0,0,0,0,0,0,0,0,0,0,0,0,0,0,0
lowema01,2016,1,DET,AL,54,0,0,0,0,0,0,0,0,0,0,0,0,0,0,0,0
lowrije01,2016,1,OAK,AL,87,338,30,89,12,1,2,27,0,0,26,65,0,1,0,4,10
lucrojo01,2016,1,MIL,NL,95,338,48,101,17,3,13,50,5,0,33,70,3,1,0,4,12
lucrojo01,2016,2,TEX,AL,47,152,19,42,7,0,11,31,0,0,14,30,2,2,0,0,4
luebkco01,2016,1,PIT,NL,9,0,0,0,0,0,0,0,0,0,0,0,0,0,0,0,0
lugose01,2016,1,NYN,NL,17,16,2,3,1,0,0,1,0,0,1,2,0,0,0,1,0
lylesjo01,2016,1,COL,NL,40,8,0,0,0,0,0,0,0,0,0,4,0,0,0,0,0
lyonsty01,2016,1,SLN,NL,30,4,0,0,0,0,0,0,0,0,0,2,0,0,0,0,0
machadi01,2016,1,DET,AL,8,10,1,1,0,0,0,0,0,0,3,4,0,0,0,0,0
machama01,2016,1,BAL,AL,157,640,105,188,40,1,37,96,0,3,48,120,9,3,0,5,14
madsory01,2016,1,OAK,AL,63,1,0,0,0,0,0,0,0,0,0,1,0,0,0,0,0
maedake01,2016,1,LAN,NL,35,57,5,7,1,0,1,4,0,0,1,16,0,0,8,0,1
magilma01,2016,1,CIN,NL,5,0,0,0,0,0,0,0,0,0,0,0,0,0,0,0,0
magnida01,2016,1,MIL,NL,3,0,0,0,0,0,0,0,0,0,0,0,0,0,0,0,0
mahlegr01,2016,1,LAA,AL,24,0,0,0,0,0,0,0,0,0,0,0,0,0,0,0,0
mahtomi01,2016,1,TBA,AL,65,185,16,36,9,0,3,11,0,1,7,68,0,2,1,1,2
mailelu01,2016,1,TBA,AL,42,119,10,27,7,0,3,15,0,0,4,36,1,0,3,0,2
maldoma01,2016,1,MIL,NL,76,208,21,42,7,0,8,21,1,0,35,56,9,6,3,1,6
manaese01,2016,1,OAK,AL,25,2,0,0,0,0,0,0,0,0,0,1,0,0,0,0,0
mancitr01,2016,1,BAL,AL,5,14,3,5,1,0,3,5,0,0,0,4,0,1,0,0,0
manesse01,2016,1,SLN,NL,29,1,0,0,0,0,0,0,0,0,0,1,0,0,0,0,0
manshje01,2016,1,CLE,AL,53,0,0,0,0,0,0,0,0,0,0,0,0,0,0,0,0
mantijo01,2016,1,DET,AL,5,0,0,0,0,0,0,0,0,0,0,0,0,0,0,0,0
margoma01,2016,1,SDN,NL,10,37,4,9,4,1,0,3,2,0,0,7,0,0,0,0,0
marinjh01,2016,1,TBA,AL,3,0,0,0,0,0,0,0,0,0,0,0,0,0,0,0,0
marinjh01,2016,2,MIL,NL,43,3,0,0,0,0,0,0,0,0,0,1,0,0,0,0,0
mariomi01,2016,1,PHI,NL,25,0,0,0,0,0,0,0,0,0,0,0,0,0,0,0,0
marisja01,2016,1,HOU,AL,118,287,40,60,18,1,5,21,10,5,16,83,0,3,4,1,4
markani01,2016,1,ATL,NL,158,599,67,161,38,0,13,89,0,2,71,101,9,5,0,9,16
marksju01,2016,1,TBA,AL,4,0,0,0,0,0,0,0,0,0,0,0,0,0,0,0,0
marksma01,2016,1,ATL,NL,4,0,0,0,0,0,0,0,0,0,0,0,0,0,0,0,0
marquge01,2016,1,COL,NL,6,6,1,0,0,0,0,0,0,0,0,3,0,0,2,0,0
marrede01,2016,1,BOS,AL,13,12,0,1,0,0,0,0,0,0,2,5,0,0,0,0,0
marshev01,2016,1,ARI,NL,15,0,0,0,0,0,0,0,0,0,0,0,0,0,0,0,0
marteje01,2016,1,LAA,AL,88,258,38,65,14,0,15,44,2,2,18,59,0,5,0,3,8
marteke01,2016,1,SEA,AL,119,437,55,113,21,2,1,33,11,5,18,84,0,2,3,6,10
marteke02,2016,1,PIT,NL,2,0,0,0,0,0,0,0,0,0,0,0,0,0,0,0,0
martest01,2016,1,PIT,NL,129,489,71,152,34,5,9,46,47,12,23,104,5,16,1,0,8
martica04,2016,1,SLN,NL,33,59,5,14,1,0,0,6,0,0,0,13,0,1,4,1,1
martico01,2016,1,SEA,AL,9,0,0,0,0,0,0,0,0,0,0,0,0,0,0,0,0
martijd02,2016,1,DET,AL,120,460,69,141,35,2,22,68,1,2,49,128,2,3,0,5,13
martijo08,2016,1,SLN,NL,12,16,4,7,1,0,0,1,0,0,2,1,0,0,0,0,0
martile01,2016,1,SEA,AL,143,518,72,128,17,3,15,47,24,6,44,149,0,3,4,7,10
martimi02,2016,1,CLE,AL,32,60,10,17,3,0,1,3,0,2,2,13,0,0,1,0,1
martimi02,2016,2,BOS,AL,4,6,1,1,0,0,0,0,0,0,1,2,0,0,0,0,0
martimi02,2016,3,CLE,AL,27,35,5,6,1,0,0,1,0,0,1,8,0,0,0,0,0
martini01,2016,1,TEX,AL,12,2,0,0,0,0,0,0,0,0,0,1,0,0,0,0,0
martira04,2016,1,WAS,NL,8,0,0,0,0,0,0,0,0,0,0,0,0,0,0,0,0
martiru01,2016,1,TOR,AL,137,455,62,105,16,0,20,74,2,1,64,148,1,10,1,5,12
martivi01,2016,1,DET,AL,154,553,65,160,22,0,27,86,0,0,50,90,8,4,0,3,19
mastrda01,2016,1,MIN,AL,7,9,1,0,0,0,0,0,1,0,2,4,0,0,0,0,0
mathije01,2016,1,MIA,NL,41,126,12,30,4,1,2,15,0,0,4,36,0,1,1,0,1
matusbr01,2016,1,BAL,AL,7,0,0,0,0,0,0,0,0,0,0,0,0,0,0,0,0
matusbr01,2016,2,CHN,NL,1,0,0,0,0,0,0,0,0,0,0,0,0,0,0,0,0
matzst01,2016,1,NYN,NL,24,36,0,5,1,1,0,2,0,0,4,11,0,0,4,1,2
mauerjo01,2016,1,MIN,AL,134,494,68,129,22,4,11,49,2,0,79,93,10,1,0,2,11
maurebr01,2016,1,SDN,NL,71,0,0,0,0,0,0,0,0,0,0,0,0,0,0,0,0
maxwebr01,2016,1,OAK,AL,33,92,8,26,6,1,1,14,0,0,8,24,0,0,0,1,2
maybica01,2016,1,DET,AL,94,349,65,110,14,5,4,43,15,6,36,69,0,3,2,1,8
mayermi01,2016,1,SLN,NL,4,0,0,0,0,0,0,0,0,0,0,0,0,0,0,0,0
maytr01,2016,1,MIN,AL,44,0,0,0,0,0,0,0,0,0,0,0,0,0,0,0,0
mazarno01,2016,1,TEX,AL,145,516,59,137,13,3,20,64,0,2,39,112,1,6,0,7,12
mazzavi01,2016,1,SFN,NL,2,1,0,0,0,0,0,0,0,0,0,1,0,0,0,0,0
mcallza01,2016,1,CLE,AL,53,0,0,0,0,0,0,0,0,0,0,0,0,0,0,0,0
mcbrima02,2016,1,OAK,AL,20,43,4,9,3,0,0,2,0,0,1,10,0,0,0,0,0
mccanbr01,2016,1,NYA,AL,130,429,56,104,13,0,20,58,1,0,54,99,2,7,0,2,15
mccanja02,2016,1,DET,AL,105,344,31,76,9,1,12,48,0,1,23,109,0,2,1,3,12
mccarbr01,2016,1,LAN,NL,10,13,0,0,0,0,0,1,0,0,2,6,0,0,0,0,0
mccarke01,2016,1,KCA,AL,10,0,0,0,0,0,0,0,0,0,0,0,0,0,0,0,0
mcculla02,2016,1,HOU,AL,14,3,1,1,0,0,0,0,0,0,0,0,0,0,0,0,0
mccutan01,2016,1,PIT,NL,153,598,81,153,26,3,24,79,6,7,69,143,7,5,0,3,15
mcfartj01,2016,1,BAL,AL,16,0,0,0,0,0,0,0,0,0,0,0,0,0,0,0,0
mcgeeja01,2016,1,COL,NL,57,0,0,0,0,0,0,0,0,0,0,0,0,0,0,0,0
mcgehca01,2016,1,DET,AL,30,92,4,21,1,0,0,1,0,0,3,14,0,1,0,0,5
mcgowdu01,2016,1,MIA,NL,55,4,0,0,0,0,0,0,0,0,0,3,0,0,0,0,0
mchugco01,2016,1,HOU,AL,33,6,0,0,0,0,0,0,0,0,0,2,0,0,2,0,0
mckenmi01,2016,1,SLN,NL,3,1,0,0,0,0,0,0,0,0,0,1,0,0,1,0,0
medlekr01,2016,1,KCA,AL,6,0,0,0,0,0,0,0,0,0,0,0,0,0,0,0,0
mejiaad01,2016,1,MIN,AL,1,0,0,0,0,0,0,0,0,0,0,0,0,0,0,0,0
melanma01,2016,1,PIT,NL,45,0,0,0,0,0,0,0,0,0,0,0,0,0,0,0,0
melanma01,2016,2,WAS,NL,30,0,0,0,0,0,0,0,0,0,0,0,0,0,0,0,0
melviti01,2016,1,CIN,NL,3,2,0,0,0,0,0,0,0,0,0,2,0,0,0,0,0
mendeyo01,2016,1,TEX,AL,2,0,0,0,0,0,0,0,0,0,0,0,0,0,0,0,0
mengdda01,2016,1,OAK,AL,14,6,0,0,0,0,0,0,0,0,0,3,0,0,0,0,0
mercejo03,2016,1,PIT,NL,149,519,66,133,22,3,11,59,1,1,51,83,8,5,7,2,11
merriry01,2016,1,CLE,AL,4,0,0,0,0,0,0,0,0,0,0,0,0,0,0,0,0
merriwh01,2016,1,KCA,AL,81,311,44,88,22,3,2,29,8,3,19,72,1,0,1,1,1
mesorde01,2016,1,CIN,NL,16,50,2,7,1,0,0,1,0,1,5,10,0,0,0,0,3
meyeral01,2016,1,MIN,AL,2,0,0,0,0,0,0,0,0,0,0,0,0,0,0,0,0
meyeral01,2016,2,LAA,AL,5,0,0,0,0,0,0,0,0,0,0,0,0,0,0,0,0
middlwi01,2016,1,MIL,NL,10,27,2,3,0,0,0,1,0,0,4,13,0,0,0,0,0
mileywa01,2016,1,SEA,AL,19,7,1,1,0,0,0,0,0,0,0,1,0,0,0,0,0
mileywa01,2016,2,BAL,AL,11,4,0,1,0,0,0,0,0,0,0,1,0,0,1,0,0
millean01,2016,1,NYA,AL,44,0,0,0,0,0,0,0,0,0,0,0,0,0,0,0,0
millean01,2016,2,CLE,AL,26,0,0,0,0,0,0,0,0,0,0,0,0,0,0,0,0
millebr02,2016,1,TBA,AL,152,548,73,133,29,6,30,81,6,4,47,149,0,3,0,3,5
milleju02,2016,1,COL,NL,40,1,0,0,0,0,0,0,0,0,0,1,0,0,0,0,0
millemi01,2016,1,BOS,AL,1,1,0,0,0,0,0,0,0,0,0,0,0,0,0,0,0
millesh01,2016,1,ARI,NL,21,32,4,4,1,1,0,0,0,0,0,21,0,0,2,0,0
millsal02,2016,1,KCA,AL,3,0,0,0,0,0,0,0,0,0,0,0,0,0,0,0,0
milonto01,2016,1,MIN,AL,19,2,0,2,0,0,0,0,0,0,0,0,0,0,0,0,0
minayju01,2016,1,CHA,AL,11,0,0,0,0,0,0,0,0,0,0,0,0,0,0,0,0
miranar01,2016,1,BAL,AL,1,0,0,0,0,0,0,0,0,0,0,0,0,0,0,0,0
miranar01,2016,2,SEA,AL,11,0,0,0,0,0,0,0,0,0,0,0,0,0,0,0,0
mitchbr01,2016,1,NYA,AL,5,0,0,0,0,0,0,0,0,0,0,0,0,0,0,0,0
molinya01,2016,1,SLN,NL,147,534,56,164,38,1,8,58,3,2,39,63,1,6,0,2,22
molledu01,2016,1,DET,AL,4,0,0,0,0,0,0,0,0,0,0,0,0,0,0,0,0
moncayo01,2016,1,BOS,AL,8,19,3,4,1,0,0,1,0,0,1,12,0,0,0,0,0
mondera02,2016,1,KCA,AL,47,135,16,25,1,3,2,13,9,1,6,48,0,2,6,0,1
montemi01,2016,1,CHN,NL,86,241,33,52,8,1,8,33,1,0,38,58,5,3,0,2,8
montera01,2016,1,NYN,NL,9,5,0,0,0,0,0,0,0,0,0,3,0,0,0,0,0
montgmi01,2016,1,SEA,AL,32,0,0,0,0,0,0,0,0,0,0,0,0,0,0,0,0
montgmi01,2016,2,CHN,NL,17,11,2,1,0,0,0,1,0,0,0,5,0,0,0,0,0
mooread01,2016,1,CLE,AL,9,5,0,0,0,0,0,0,0,0,0,4,0,0,0,0,0
moorema02,2016,1,TBA,AL,21,7,0,2,0,0,0,0,0,0,0,2,0,0,0,0,1
moorema02,2016,2,SFN,NL,12,24,2,1,0,0,0,0,0,0,0,11,0,0,4,0,0
moralfr01,2016,1,TOR,AL,5,0,0,0,0,0,0,0,0,0,0,0,0,0,0,0,0
moralke01,2016,1,KCA,AL,154,558,65,147,24,0,30,93,0,0,48,120,2,7,0,5,20
moranco01,2016,1,HOU,AL,9,23,1,3,1,0,0,2,0,0,1,8,0,1,0,0,4
morelmi01,2016,1,TEX,AL,147,460,49,107,21,0,22,60,1,0,35,118,5,8,0,0,8
morgaad01,2016,1,PHI,NL,23,32,1,3,1,0,0,1,0,0,1,11,0,0,3,0,0
morimsh01,2016,1,CLE,AL,2,0,0,0,0,0,0,0,0,0,0,0,0,0,0,0,0
morinmi01,2016,1,LAA,AL,60,0,0,0,0,0,0,0,0,0,0,0,0,0,0,0,0
morneju01,2016,1,CHA,AL,58,203,16,53,14,1,6,25,0,0,12,52,1,1,0,2,5
morofma01,2016,1,PIT,NL,2,2,0,0,0,0,0,0,0,0,0,2,0,0,0,0,0
morriaj01,2016,1,CIN,NL,7,1,0,0,0,0,0,0,0,0,0,1,0,0,0,0,0
morribr01,2016,1,MIA,NL,24,1,0,0,0,0,0,0,0,0,0,1,0,0,0,0,0
morrilo01,2016,1,TBA,AL,107,353,45,84,18,1,14,43,4,2,37,89,1,6,0,2,4
morrobr01,2016,1,SDN,NL,18,0,0,0,0,0,0,0,0,0,0,0,0,0,0,0,0
morsemi01,2016,1,PIT,NL,6,8,0,0,0,0,0,0,0,0,0,2,0,0,0,0,0
mortoch02,2016,1,PHI,NL,4,6,1,1,0,0,0,0,0,0,0,3,0,0,1,0,1
moscojo01,2016,1,CIN,NL,5,4,0,0,0,0,0,0,0,0,0,3,0,1,2,0,0
mossbr01,2016,1,SLN,NL,128,413,66,93,19,2,28,67,1,0,39,141,3,7,0,5,8
motteja01,2016,1,COL,NL,30,0,0,0,0,0,0,0,0,0,0,0,0,0,0,0,0
motteta01,2016,1,TBA,AL,34,80,11,15,3,0,2,9,0,1,11,19,0,1,0,1,1
moustmi01,2016,1,KCA,AL,27,104,12,25,6,0,7,13,0,1,9,13,0,0,0,0,5
moyast01,2016,1,DET,AL,31,94,9,24,4,2,5,11,0,1,5,38,0,0,0,1,0
moylape01,2016,1,KCA,AL,50,0,0,0,0,0,0,0,0,0,0,0,0,0,0,0,0
mulleco01,2016,1,NYA,AL,3,0,0,0,0,0,0,0,0,0,0,0,0,0,0,0,0
muncyma01,2016,1,OAK,AL,51,113,13,21,2,0,2,8,0,0,20,24,1,0,0,0,2
murphda08,2016,1,WAS,NL,142,531,88,184,47,5,25,104,5,3,35,57,10,8,0,8,4
murphjr01,2016,1,MIN,AL,26,82,4,12,3,0,1,3,0,0,5,19,0,0,2,1,3
murphto04,2016,1,COL,NL,21,44,8,12,2,0,5,13,1,0,4,19,0,1,0,0,2
murraco01,2016,1,PHI,NL,24,1,0,0,0,0,0,0,0,0,0,1,0,0,0,0,0
musgrjo01,2016,1,HOU,AL,11,0,0,0,0,0,0,0,0,0,0,0,0,0,1,0,0
myerswi01,2016,1,SDN,NL,157,599,99,155,29,4,28,94,28,6,68,160,1,4,0,5,12
napolmi01,2016,1,CLE,AL,150,557,92,133,22,1,34,101,5,1,78,194,2,5,0,5,15
naquity01,2016,1,CLE,AL,116,321,52,95,18,5,14,43,6,3,36,112,4,4,2,2,4
narvaom01,2016,1,CHA,AL,34,101,13,27,4,0,1,10,0,0,14,14,1,0,0,2,0
narvech01,2016,1,MIA,NL,6,3,0,0,0,0,0,0,0,0,0,2,0,0,0,0,0
nathajo01,2016,1,CHN,NL,3,0,0,0,0,0,0,0,0,0,0,0,0,0,0,0,0
nathajo01,2016,2,SFN,NL,7,0,0,0,0,0,0,0,0,0,0,0,0,0,0,0,0
navada01,2016,1,LAA,AL,45,119,10,28,5,0,1,13,0,0,9,26,0,5,0,3,2
navada01,2016,2,KCA,AL,9,11,1,1,1,0,0,0,0,0,1,4,0,0,0,0,0
navardi01,2016,1,CHA,AL,85,271,25,57,13,2,6,32,1,2,20,63,0,2,2,3,5
navardi01,2016,2,TOR,AL,16,33,1,6,0,0,0,3,0,0,3,8,0,0,0,0,0
nealza01,2016,1,OAK,AL,24,2,0,0,0,0,0,0,0,0,0,0,0,0,0,0,0
nelsoji02,2016,1,MIL,NL,32,50,1,4,0,0,0,3,0,0,2,32,0,0,7,0,0
nerishe01,2016,1,PHI,NL,79,0,0,0,0,0,0,0,0,0,0,0,0,0,0,0,0
neshepa01,2016,1,HOU,AL,60,0,0,0,0,0,0,0,0,0,0,0,0,0,0,0,0
nicasju01,2016,1,PIT,NL,52,19,1,3,0,0,0,1,0,0,0,7,0,0,1,0,0
nichobr01,2016,1,TEX,AL,15,40,5,11,5,0,2,4,0,0,4,9,0,1,0,0,2
nicolju01,2016,1,MIA,NL,18,22,0,2,0,0,0,0,0,0,1,11,0,0,1,0,1
niesejo01,2016,1,PIT,NL,24,30,1,3,1,0,0,1,0,0,2,14,0,0,1,0,1
niesejo01,2016,2,NYN,NL,6,0,0,0,0,0,0,0,0,0,0,0,0,0,1,0,0
nieuwki01,2016,1,MIL,NL,125,335,38,70,18,1,13,44,8,9,56,133,1,1,0,0,5
nimmobr01,2016,1,NYN,NL,32,73,12,20,1,0,1,6,0,0,6,20,0,1,0,0,0
nolaaa01,2016,1,PHI,NL,20,30,1,1,1,0,0,0,0,0,3,17,0,1,1,0,1
nolasri01,2016,1,MIN,AL,21,2,0,0,0,0,0,0,0,0,1,1,0,0,0,0,0
nolasri01,2016,2,LAA,AL,11,1,0,0,0,0,0,0,0,0,1,0,0,0,0,0,0
noonani01,2016,1,SDN,NL,7,18,0,3,0,0,0,1,0,1,1,5,0,0,0,1,0
norribu01,2016,1,ATL,NL,22,12,1,2,0,1,0,0,0,0,3,5,0,1,6,0,0
norribu01,2016,2,LAN,NL,13,15,1,4,0,0,0,1,0,0,0,2,0,0,1,0,0
norrida01,2016,1,DET,AL,14,2,0,0,0,0,0,0,0,0,1,0,0,0,0,0,0
norride01,2016,1,SDN,NL,125,415,50,77,17,0,14,42,9,2,36,139,5,4,0,3,9
novaiv01,2016,1,NYA,AL,21,4,0,0,0,0,0,0,0,0,0,3,0,0,0,0,0
novaiv01,2016,2,PIT,NL,11,22,1,3,0,0,0,0,0,0,0,15,0,0,2,0,0
nunezed02,2016,1,MIN,AL,91,371,49,110,15,1,12,47,27,6,15,58,0,3,2,5,6
nunezed02,2016,2,SFN,NL,50,182,24,49,9,3,4,20,13,4,14,30,3,2,0,1,2
nunezre01,2016,1,OAK,AL,9,15,0,2,0,0,0,1,0,0,0,3,0,0,0,0,0
nunovi01,2016,1,SEA,AL,55,0,0,0,0,0,0,0,0,0,0,0,0,0,0,0,0
obergsc01,2016,1,COL,NL,24,0,0,0,0,0,0,0,0,0,0,0,0,0,0,0,0
oberhbr01,2016,1,PHI,NL,26,7,0,1,0,0,0,0,0,0,0,2,0,0,0,0,0
oberhbr01,2016,2,LAA,AL,11,0,0,0,0,0,0,0,0,0,0,0,0,0,0,0,0
obriepe04,2016,1,ARI,NL,28,64,6,9,1,0,5,9,0,0,3,27,2,0,0,0,2
odayda01,2016,1,BAL,AL,34,0,0,0,0,0,0,0,0,0,0,0,0,0,0,0,0
odorija01,2016,1,TBA,AL,33,4,0,1,0,0,0,1,0,0,0,1,0,0,0,0,0
odorro01,2016,1,TEX,AL,150,605,89,164,33,4,33,88,14,7,19,135,0,4,0,4,6
oflaher01,2016,1,ATL,NL,39,0,0,0,0,0,0,0,0,0,0,0,0,0,0,0,0
ogandal01,2016,1,ATL,NL,36,0,0,0,0,0,0,0,0,0,0,0,0,0,0,0,0
ogandne01,2016,1,MIA,NL,14,0,0,0,0,0,0,0,0,0,0,0,0,0,0,0,0
ohlenro01,2016,1,CIN,NL,64,0,0,0,0,0,0,0,0,0,0,0,0,0,0,0,0
ohse01,2016,1,SLN,NL,76,2,0,0,0,0,0,0,0,0,0,2,0,0,0,0,0
okertst01,2016,1,SFN,NL,16,1,0,0,0,0,0,0,0,0,0,1,0,0,0,0,0
olivehe01,2016,1,ATL,NL,6,19,2,4,1,0,0,2,0,0,1,5,0,0,0,1,1
olsonma02,2016,1,OAK,AL,11,21,3,2,1,0,0,0,0,0,7,4,0,0,0,0,1
olsonty01,2016,1,NYA,AL,1,0,0,0,0,0,0,0,0,0,0,0,0,0,0,0,0
omallsh01,2016,1,SEA,AL,89,210,24,48,9,2,2,17,6,2,18,59,0,3,1,0,4
ondrulo01,2016,1,BAL,AL,7,0,0,0,0,0,0,0,0,0,0,0,0,0,0,0,0
orlanpa01,2016,1,KCA,AL,128,457,52,138,24,4,5,43,14,3,13,105,1,7,3,3,12
orourry01,2016,1,MIN,AL,26,1,0,0,0,0,0,0,0,0,0,0,0,0,0,0,0
ortegra01,2016,1,LAA,AL,66,185,24,43,8,0,1,16,8,3,13,23,0,0,3,0,5
ortizda01,2016,1,BOS,AL,151,537,79,169,48,1,38,127,2,0,80,86,15,2,0,7,22
osichjo01,2016,1,SFN,NL,59,0,0,0,0,0,0,0,0,0,0,0,0,0,0,0,0
osullse01,2016,1,BOS,AL,5,0,0,0,0,0,0,0,0,0,0,0,0,0,0,0,0
osunaro01,2016,1,TOR,AL,72,0,0,0,0,0,0,0,0,0,0,0,0,0,0,0,0
oteroda01,2016,1,CLE,AL,62,0,0,0,0,0,0,0,0,0,0,0,0,0,0,0,0
ottavad01,2016,1,COL,NL,34,0,0,0,0,0,0,0,0,0,0,0,0,0,0,0,0
overtdi01,2016,1,OAK,AL,7,0,0,0,0,0,0,0,0,0,0,0,0,0,0,0,0
owenshe02,2016,1,BOS,AL,5,0,0,0,0,0,0,0,0,0,0,0,0,0,0,0,0
owingch01,2016,1,ARI,NL,119,437,52,121,24,11,5,49,21,2,20,87,4,5,2,2,8
ozunama01,2016,1,MIA,NL,148,557,75,148,23,6,23,76,0,3,43,115,2,4,0,4,11
pachejo01,2016,1,CIN,NL,31,51,1,8,4,0,0,0,0,0,0,14,0,0,0,0,1
paganan01,2016,1,SFN,NL,129,495,71,137,24,5,12,55,15,4,42,66,1,0,0,3,11
panikjo01,2016,1,SFN,NL,127,464,67,111,21,7,10,62,5,0,50,47,5,4,3,5,14
papeljo01,2016,1,WAS,NL,37,0,0,0,0,0,0,0,0,0,0,0,0,0,0,0,0
paredji01,2016,1,TOR,AL,7,15,2,4,1,0,1,2,0,0,2,4,0,0,0,0,0
paredji01,2016,2,PHI,NL,76,143,13,31,7,0,4,17,0,1,5,44,0,0,1,1,0
parkby01,2016,1,MIN,AL,62,215,28,41,9,1,12,24,1,0,21,80,0,5,0,3,3
parkebl01,2016,1,SEA,AL,1,0,0,0,0,0,0,0,0,0,0,0,0,0,0,0,0
parkebl01,2016,2,NYA,AL,16,0,0,0,0,0,0,0,0,0,0,0,0,0,0,0,0
parkeja03,2016,1,SFN,NL,63,127,22,30,3,1,5,14,0,1,19,44,1,5,0,0,3
parmech01,2016,1,NYA,AL,6,8,4,4,1,0,2,4,0,0,0,3,0,0,0,0,0
parnebo01,2016,1,DET,AL,6,0,0,0,0,0,0,0,0,0,0,0,0,0,0,0,0
parrage01,2016,1,COL,NL,102,368,45,93,27,3,7,39,6,4,9,73,1,1,1,2,16
partccu01,2016,1,PIT,NL,2,0,0,0,0,0,0,0,0,0,0,0,0,0,0,0,0
pattejo03,2016,1,COL,NL,10,18,1,8,1,0,0,2,0,1,1,1,0,0,0,0,0
pattosp01,2016,1,CHN,NL,16,2,0,0,0,0,0,0,0,0,0,1,0,0,0,0,0
paulida01,2016,1,HOU,AL,3,0,0,0,0,0,0,0,0,0,0,0,0,0,0,0,0
paulsbe01,2016,1,COL,NL,39,92,8,20,5,0,1,11,0,0,5,27,1,0,0,0,2
paxtoja01,2016,1,SEA,AL,20,3,0,0,0,0,0,0,0,0,1,3,0,0,0,0,0
pazosja01,2016,1,NYA,AL,7,0,0,0,0,0,0,0,0,0,0,0,0,0,0,0,0
peacobr01,2016,1,HOU,AL,10,0,0,0,0,0,0,0,0,0,0,0,0,0,0,0,0
pearcst01,2016,1,TBA,AL,60,204,26,63,11,1,10,29,0,3,26,40,2,1,0,1,4
pearcst01,2016,2,BAL,AL,25,60,9,13,2,0,3,6,0,0,8,14,0,2,0,0,1
peavyja01,2016,1,SFN,NL,31,27,2,5,0,0,0,3,0,0,2,12,0,0,2,0,0
pederjo01,2016,1,LAN,NL,137,406,64,100,26,0,25,68,6,2,63,130,4,4,1,2,5
pedrodu01,2016,1,BOS,AL,154,633,105,201,36,1,15,74,7,4,61,73,0,0,1,3,24
pelfrmi01,2016,1,DET,AL,24,0,0,0,0,0,0,0,0,0,0,0,0,0,0,0,0
penaar01,2016,1,MIL,NL,1,0,0,0,0,0,0,0,0,0,0,0,0,0,0,0,0
penabr01,2016,1,SLN,NL,9,13,0,2,1,0,0,0,0,0,1,2,0,0,0,0,0
penafe01,2016,1,CHN,NL,11,0,0,0,0,0,0,0,0,0,0,0,0,0,0,0,0
penafr01,2016,1,BAL,AL,14,40,5,8,0,0,1,3,0,0,2,14,0,0,1,0,2
penara02,2016,1,SFN,NL,30,87,9,26,6,1,1,10,0,0,2,16,1,2,0,0,0
pencehu01,2016,1,SFN,NL,106,395,58,114,23,1,13,57,1,1,43,95,1,1,0,3,10
pennicl01,2016,1,LAA,AL,74,172,18,36,4,2,3,10,1,0,13,55,0,0,3,0,4
peralda01,2016,1,ARI,NL,48,171,23,43,9,5,4,15,2,0,8,42,1,3,0,1,3
peraljh01,2016,1,SLN,NL,82,289,37,75,17,1,8,29,0,0,20,56,0,1,0,3,5
peraljo01,2016,1,SEA,AL,26,1,0,0,0,0,0,0,0,0,0,0,0,0,0,0,0
peraljo01,2016,2,CHN,NL,5,1,0,0,0,0,0,0,0,0,0,1,0,0,0,0,0
peralwa01,2016,1,CIN,NL,10,0,0,0,0,0,0,0,0,0,0,0,0,0,0,0,0
peralwi01,2016,1,MIL,NL,23,39,2,5,1,0,1,6,0,0,0,15,0,0,1,1,2
perazjo01,2016,1,CIN,NL,72,241,25,78,8,2,3,25,21,10,7,33,0,5,0,3,3
perdolu02,2016,1,SDN,NL,36,38,1,5,1,0,0,1,0,0,1,15,0,1,3,0,0
perezca02,2016,1,LAA,AL,87,268,25,56,16,0,5,31,1,0,12,49,0,1,8,2,6
perezhe01,2016,1,MIL,NL,123,404,50,110,18,3,13,56,34,7,18,94,0,1,3,4,6
perezma02,2016,1,TEX,AL,33,3,0,1,0,0,0,0,0,0,0,1,0,0,1,0,0
perezol01,2016,1,WAS,NL,64,3,1,2,1,0,0,0,0,0,0,0,0,0,0,0,0
perezro02,2016,1,CLE,AL,61,153,14,28,6,1,3,17,0,0,23,44,0,0,5,3,4
perezsa02,2016,1,KCA,AL,139,514,57,127,28,2,22,64,0,0,22,119,3,8,0,2,12
perezwi01,2016,1,ATL,NL,11,17,0,0,0,0,0,0,0,0,0,5,0,0,2,0,1
perezye01,2016,1,MIA,NL,12,3,5,2,1,0,0,0,4,2,0,1,0,0,0,0,0
perkigl01,2016,1,MIN,AL,2,0,0,0,0,0,0,0,0,0,0,0,0,0,0,0,0
peterja01,2016,1,ATL,NL,115,350,45,89,16,1,7,29,5,5,52,69,2,1,2,3,9
petitgr01,2016,1,LAA,AL,89,204,21,50,13,1,2,17,1,1,15,51,1,1,2,1,7
petityu01,2016,1,WAS,NL,36,6,0,1,0,0,0,0,0,0,0,2,0,0,1,0,0
petrija01,2016,1,CHA,AL,9,0,0,0,0,0,0,0,0,0,0,0,0,0,0,0,0
phamth01,2016,1,SLN,NL,78,159,26,36,7,0,9,17,2,2,20,71,1,3,1,0,3
phegljo01,2016,1,OAK,AL,26,78,11,20,6,0,1,10,0,0,5,13,0,2,0,1,4
phelpda01,2016,1,MIA,NL,64,11,0,2,0,0,0,1,0,0,0,3,0,0,2,0,1
phillbr01,2016,1,CIN,NL,141,550,74,160,34,1,11,64,14,8,18,68,3,8,2,6,17
phillza01,2016,1,PIT,NL,8,0,0,0,0,0,0,0,0,0,0,0,0,0,0,0,0
pierzaj01,2016,1,ATL,NL,81,247,15,54,15,0,2,23,1,0,6,29,1,3,0,3,13
pillake01,2016,1,TOR,AL,146,548,59,146,35,2,7,53,14,6,24,90,0,6,3,3,12
pinama01,2016,1,MIL,NL,33,71,4,18,4,0,2,12,0,1,10,15,0,0,0,0,2
pindebr01,2016,1,NYA,AL,1,0,0,0,0,0,0,0,0,0,0,0,0,0,0,0,0
pindech01,2016,1,OAK,AL,22,51,4,12,4,0,1,4,0,0,3,14,0,0,0,1,1
pinedmi01,2016,1,NYA,AL,32,1,0,0,0,0,0,0,0,0,0,1,0,0,0,0,0
pintojo01,2016,1,MIL,NL,6,5,1,0,0,0,0,0,0,0,1,4,0,0,0,0,0
pireljo01,2016,1,SDN,NL,15,39,2,6,2,0,0,0,0,1,1,9,0,0,1,0,0
piscost01,2016,1,SLN,NL,153,582,86,159,35,3,22,85,7,5,51,133,0,12,1,2,14
plaweke01,2016,1,NYN,NL,48,132,6,26,6,0,1,11,0,0,17,33,2,2,0,0,1
plouftr01,2016,1,MIN,AL,84,319,35,83,13,1,12,47,1,0,19,60,0,2,1,3,11
plutkad01,2016,1,CLE,AL,2,0,0,0,0,0,0,0,0,0,0,0,0,0,0,0,0
polangr01,2016,1,PIT,NL,144,527,79,136,34,4,22,86,17,6,53,119,6,0,1,6,13
polanjo01,2016,1,MIN,AL,69,245,24,69,15,4,4,27,4,3,17,46,0,3,2,3,3
polloaj01,2016,1,ARI,NL,12,41,9,10,0,0,2,4,4,0,5,8,0,0,0,0,1
pomerdr01,2016,1,SDN,NL,17,33,2,5,0,0,1,4,0,0,0,19,0,0,2,0,1
pomerdr01,2016,2,BOS,AL,14,2,0,0,0,0,0,0,0,0,0,2,0,0,0,0,0
pompeda01,2016,1,TOR,AL,8,2,3,0,0,0,0,0,2,1,0,1,0,0,0,0,0
porceri01,2016,1,BOS,AL,33,5,0,1,0,0,0,0,0,0,0,1,0,0,0,0,0
poseybu01,2016,1,SFN,NL,146,539,82,155,33,2,14,80,6,1,64,68,7,3,0,8,18
poundbr01,2016,1,KCA,AL,13,0,0,0,0,0,0,0,0,0,0,0,0,0,0,0,0
pradoma01,2016,1,MIA,NL,153,600,70,183,37,3,8,75,2,2,49,69,4,4,0,5,24
preslal01,2016,1,MIL,NL,47,116,12,23,2,0,3,11,0,2,11,25,1,1,0,1,2
preslal01,2016,2,DET,AL,3,5,0,1,0,0,0,0,0,0,0,0,0,0,0,0,0
pressry01,2016,1,MIN,AL,72,0,0,0,0,0,0,0,0,0,0,0,0,0,0,0,0
priceda01,2016,1,BOS,AL,35,10,0,0,0,0,0,0,0,0,1,8,0,0,0,0,0
profaju01,2016,1,TEX,AL,90,272,35,65,6,3,5,20,2,1,30,61,0,3,2,0,7
puigya01,2016,1,LAN,NL,104,334,45,88,14,2,11,45,5,2,24,74,0,7,0,3,10
pujolal01,2016,1,LAA,AL,152,593,71,159,19,0,31,119,4,0,49,75,6,2,0,6,24
purkema01,2016,1,CHA,AL,12,0,0,0,0,0,0,0,0,0,0,0,0,0,0,0,0
putnaza01,2016,1,CHA,AL,25,0,0,0,0,0,0,0,0,0,0,0,0,0,0,0,0
quackke01,2016,1,SDN,NL,60,0,0,0,0,0,0,0,0,0,0,0,0,0,0,0,0
quallch01,2016,1,COL,NL,44,0,0,0,0,0,0,0,0,0,0,0,0,0,0,0,0
quereju01,2016,1,TBA,AL,4,11,1,1,0,1,0,2,0,0,0,6,0,0,0,0,0
quinnro01,2016,1,PHI,NL,15,57,10,15,4,0,0,6,5,1,8,19,0,2,2,0,0
quintjo01,2016,1,CHA,AL,32,2,0,0,0,0,0,0,0,0,0,1,0,0,0,0,0
raburry01,2016,1,COL,NL,113,223,30,49,10,2,9,30,0,0,28,80,0,2,0,3,6
ramiral03,2016,1,SDN,NL,128,421,33,101,19,2,5,41,6,9,17,56,3,4,0,2,7
ramiral03,2016,2,TBA,AL,17,57,5,14,3,0,1,7,2,0,4,7,0,0,1,0,1
ramirer02,2016,1,TBA,AL,64,0,0,0,0,0,0,0,0,0,0,0,0,0,0,0,0
ramirha01,2016,1,BOS,AL,147,549,81,157,28,1,30,111,9,3,60,120,5,7,0,4,17
ramirjc01,2016,1,CIN,NL,27,0,0,0,0,0,0,0,0,0,0,0,0,0,0,0,0
ramirjc01,2016,2,LAA,AL,43,0,0,0,0,0,0,0,0,0,0,0,0,0,0,0,0
ramirjo01,2016,1,CLE,AL,152,565,84,176,46,3,11,76,22,7,44,62,1,4,1,4,10
ramirjo02,2016,1,ATL,NL,33,0,0,0,0,0,0,0,0,0,0,0,0,0,0,0,0
ramirne01,2016,1,CHN,NL,8,0,0,0,0,0,0,0,0,0,0,0,0,0,0,0,0
ramirne01,2016,2,MIL,NL,2,0,0,0,0,0,0,0,0,0,0,0,0,0,0,0,0
ramirne01,2016,3,MIN,AL,8,0,0,0,0,0,0,0,0,0,0,0,0,0,0,0,0
ramirno01,2016,1,BOS,AL,14,0,0,0,0,0,0,0,0,0,0,0,0,0,0,0,0
ramosaj01,2016,1,MIA,NL,67,0,0,0,0,0,0,0,0,0,0,0,0,0,0,0,0
ramosce01,2016,1,TEX,AL,16,0,0,0,0,0,0,0,0,0,0,0,0,0,0,0,0
ramosed02,2016,1,PHI,NL,42,0,0,0,0,0,0,0,0,0,1,0,0,0,0,0,0
ramoswi01,2016,1,WAS,NL,131,482,58,148,25,0,22,80,0,0,35,79,2,2,0,4,17
ranauan01,2016,1,TEX,AL,2,0,0,0,0,0,0,0,0,0,0,0,0,0,0,0,0
ranauan01,2016,2,CHA,AL,7,3,1,1,0,0,1,1,0,0,0,1,0,0,0,0,0
rasmuco01,2016,1,HOU,AL,107,369,38,76,10,0,15,54,4,1,43,121,0,0,1,4,5
rasmuco02,2016,1,LAA,AL,19,0,0,0,0,0,0,0,0,0,0,0,0,0,0,0,0
ravinjo01,2016,1,LAN,NL,10,0,0,0,0,0,0,0,0,0,0,0,0,0,0,0,0
rayro02,2016,1,ARI,NL,32,53,3,10,2,0,1,2,0,0,1,26,0,0,6,0,0
reaco01,2016,1,SDN,NL,20,33,3,4,0,0,0,1,0,0,2,16,0,0,3,0,0
reaco01,2016,2,MIA,NL,1,0,0,0,0,0,0,0,0,0,0,0,0,0,1,0,0
realmjt01,2016,1,MIA,NL,137,509,60,154,31,0,11,48,12,4,28,100,1,5,0,3,12
reckean01,2016,1,ATL,NL,33,90,6,25,8,0,2,15,1,0,16,22,1,2,3,1,0
reddijo01,2016,1,OAK,AL,68,243,33,72,11,1,8,28,5,0,28,34,5,0,0,1,7
reddijo01,2016,2,LAN,NL,47,155,20,40,6,0,2,9,3,3,11,22,0,0,0,0,1
reedad01,2016,1,NYN,NL,80,0,0,0,0,0,0,0,0,0,0,0,0,0,0,0,0
reedaj01,2016,1,HOU,AL,45,122,11,20,3,0,3,8,0,0,18,48,0,0,0,1,1
reedco01,2016,1,CIN,NL,10,11,1,0,0,0,0,0,0,0,1,6,0,0,2,0,0
reedmi02,2016,1,MIL,NL,8,22,3,4,0,0,0,0,1,0,2,7,0,0,0,0,1
refsnro01,2016,1,NYA,AL,58,152,25,38,9,0,0,12,2,1,18,30,2,1,0,3,5
reimono01,2016,1,BAL,AL,104,203,25,45,9,1,6,15,1,2,22,62,0,1,0,1,8
rendato01,2016,1,CIN,NL,32,60,4,11,2,0,0,3,0,0,5,11,0,0,2,0,4
rendoan01,2016,1,WAS,NL,156,567,91,153,38,2,20,85,12,6,65,117,2,7,0,8,5
renfrhu01,2016,1,SDN,NL,11,35,8,13,3,0,4,14,0,0,1,5,1,0,0,0,1
reverbe01,2016,1,WAS,NL,103,350,44,76,9,7,2,24,14,5,18,34,0,3,2,2,12
reyesal02,2016,1,SLN,NL,12,14,0,1,0,0,0,1,0,0,0,5,0,0,1,0,1
reyesjo01,2016,1,NYN,NL,60,255,45,68,13,4,8,24,9,2,23,49,1,0,0,1,3
reyesjo03,2016,1,MIA,NL,1,0,0,0,0,0,0,0,0,0,0,0,0,0,0,0,0
reynoma01,2016,1,COL,NL,118,393,61,111,24,0,14,53,1,2,42,112,1,4,0,2,6
reynoma02,2016,1,SFN,NL,8,0,0,0,0,0,0,0,0,0,0,0,0,0,0,0,0
reynoma03,2016,1,NYN,NL,47,89,11,20,8,0,3,13,0,1,4,34,0,1,2,0,2
richacl01,2016,1,CHN,NL,26,1,0,0,0,0,0,0,0,0,0,0,0,0,0,0,0
richacl01,2016,2,SDN,NL,11,16,0,1,0,0,0,1,0,0,1,9,0,0,3,0,0
richaga01,2016,1,LAA,AL,6,0,0,0,0,0,0,0,0,0,0,0,0,0,0,0,0
rickajo01,2016,1,BAL,AL,85,257,32,69,13,0,5,19,4,1,18,54,0,2,3,2,3
riverfe01,2016,1,WAS,NL,47,1,0,0,0,0,0,0,0,0,0,1,0,0,0,0,0
riverfe01,2016,2,PIT,NL,28,0,0,0,0,0,0,0,0,0,0,0,0,0,0,0,0
riverre01,2016,1,NYN,NL,65,185,12,41,4,0,6,26,0,0,16,54,3,3,1,2,4
rivertj01,2016,1,NYN,NL,33,105,10,35,4,1,3,16,0,0,3,17,0,1,0,4,2
riverya01,2016,1,MIL,NL,35,66,12,14,4,0,0,3,0,0,2,20,0,0,3,0,4
rizzoan01,2016,1,CHN,NL,155,583,94,170,43,4,32,109,3,5,74,108,8,16,0,3,13
roachdo01,2016,1,SEA,AL,4,0,0,0,0,0,0,0,0,0,0,0,0,0,0,0,0
roarkta01,2016,1,WAS,NL,34,64,1,8,1,0,0,3,0,0,5,25,0,0,6,0,0
roberda08,2016,1,CHA,AL,62,0,0,0,0,0,0,0,0,0,0,0,0,0,0,0,0
roberda09,2016,1,SEA,AL,9,19,1,5,1,0,0,1,0,1,1,3,0,0,1,0,2
robincl01,2016,1,WAS,NL,104,196,16,46,4,0,5,26,0,0,20,38,0,2,1,5,4
robinsh01,2016,1,LAA,AL,65,98,16,17,3,0,1,10,3,2,10,17,0,1,2,0,3
robleha01,2016,1,NYN,NL,68,3,0,0,0,0,0,0,0,0,0,2,0,0,0,0,1
rodgebr01,2016,1,HOU,AL,5,0,0,0,0,0,0,0,0,0,0,0,0,0,0,0,0
rodnefe01,2016,1,SDN,NL,28,0,0,0,0,0,0,0,0,0,0,0,0,0,0,0,0
rodnefe01,2016,2,MIA,NL,39,0,0,0,0,0,0,0,0,0,0,0,0,0,0,0,0
rodonca01,2016,1,CHA,AL,28,3,0,0,0,0,0,0,0,0,0,2,0,0,0,0,0
rodrial01,2016,1,NYA,AL,65,225,19,45,7,0,9,31,3,0,14,67,0,1,0,3,4
rodried05,2016,1,BOS,AL,20,2,0,0,0,0,0,0,0,0,0,2,0,0,0,0,0
rodrife02,2016,1,OAK,AL,34,0,0,0,0,0,0,0,0,0,0,0,0,0,0,0,0
rodrifr03,2016,1,DET,AL,61,0,0,0,0,0,0,0,0,0,0,0,0,0,0,0,0
rodrijo04,2016,1,PHI,NL,12,0,0,0,0,0,0,0,0,0,0,0,0,0,0,0,0
rodrise01,2016,1,PIT,NL,140,300,49,81,16,1,18,56,2,1,33,102,2,5,1,3,6
roech01,2016,1,BAL,AL,9,0,0,0,0,0,0,0,0,0,0,0,0,0,0,0,0
roech01,2016,2,ATL,NL,21,0,0,0,0,0,0,0,0,0,0,0,0,0,0,0,0
rogerja02,2016,1,PIT,NL,23,25,2,2,0,1,0,2,0,0,7,9,0,1,0,0,1
rogerta01,2016,1,MIN,AL,57,0,0,0,0,0,0,0,0,0,0,0,0,0,0,0,0
rojasmi02,2016,1,MIA,NL,123,194,27,48,12,0,1,14,2,1,11,27,2,1,6,2,10
rollida01,2016,1,SEA,AL,11,0,0,0,0,0,0,0,0,0,0,0,0,0,0,0,0
rolliji01,2016,1,CHA,AL,41,149,25,33,8,1,2,8,5,2,16,33,0,0,0,1,2
romeren01,2016,1,TBA,AL,52,0,0,0,0,0,0,0,0,0,0,0,0,0,0,0,0
romerst01,2016,1,SEA,AL,9,17,1,4,1,0,0,3,0,0,1,4,0,0,0,1,0
rominan01,2016,1,DET,AL,109,174,21,41,5,2,2,16,8,0,13,38,0,4,3,0,5
rominau01,2016,1,NYA,AL,62,165,17,40,11,0,4,26,1,0,7,31,1,0,1,3,7
romose01,2016,1,SFN,NL,40,0,0,0,0,0,0,0,0,0,0,0,0,0,0,0,0
rondobr01,2016,1,DET,AL,37,0,0,0,0,0,0,0,0,0,0,0,0,0,0,0,0
rondohe01,2016,1,CHN,NL,54,1,0,0,0,0,0,0,0,0,0,1,0,0,0,0,0
rondojo01,2016,1,PIT,NL,2,0,0,0,0,0,0,0,0,0,0,0,0,0,0,0,0
rondojo02,2016,1,SDN,NL,8,25,1,3,0,0,0,1,0,0,1,4,0,0,0,0,1
rosalad01,2016,1,SDN,NL,105,214,37,49,12,3,13,35,4,0,29,88,2,1,0,4,2
rosaral01,2016,1,SLN,NL,20,38,3,7,2,0,0,2,0,0,2,5,0,0,1,0,2
rosared01,2016,1,MIN,AL,92,335,52,90,17,2,10,32,5,2,12,91,2,2,2,3,4
rosentr01,2016,1,SLN,NL,45,1,0,0,0,0,0,0,0,0,0,1,0,0,0,0,0
rossda01,2016,1,CHN,NL,67,166,24,38,6,0,10,32,0,1,30,54,6,0,4,5,3
rossjo01,2016,1,WAS,NL,23,41,2,10,2,0,0,1,0,0,3,15,0,0,0,0,1
rossro01,2016,1,BOS,AL,54,0,0,0,0,0,0,0,0,0,0,0,0,0,0,0,0
rossty01,2016,1,SDN,NL,1,1,0,0,0,0,0,0,0,0,0,1,0,0,0,0,0
rothmi01,2016,1,TEX,AL,1,0,0,0,0,0,0,0,0,0,0,0,0,0,0,0,0
rowenbe01,2016,1,MIL,NL,4,0,0,0,0,0,0,0,0,0,0,0,0,0,0,0,0
ruary01,2016,1,TEX,AL,99,240,40,62,8,1,8,22,9,0,21,76,2,6,0,2,8
rufda01,2016,1,PHI,NL,43,83,8,17,2,0,3,9,0,1,4,25,0,0,0,2,5
ruggiju01,2016,1,TEX,AL,1,4,0,1,1,0,0,1,0,0,0,1,0,0,0,0,0
ruggiju01,2016,2,NYN,NL,8,20,4,7,0,0,2,6,0,1,2,9,0,0,0,0,1
ruizca01,2016,1,PHI,NL,48,165,18,43,6,0,3,12,3,1,24,28,1,4,0,0,3
ruizca01,2016,2,LAN,NL,14,36,3,10,2,0,0,3,0,0,3,5,0,1,0,0,1
ruizri01,2016,1,ATL,NL,5,7,1,2,0,1,0,2,1,0,0,2,0,0,0,0,0
ruppca01,2016,1,PHI,NL,105,389,36,98,26,1,16,54,1,0,24,114,0,5,0,1,11
rusinch01,2016,1,COL,NL,29,29,2,5,0,1,0,3,0,0,0,6,0,0,1,0,0
russead02,2016,1,CHN,NL,151,525,67,125,25,3,21,95,5,1,55,135,6,12,0,6,11
russeja02,2016,1,PHI,NL,7,0,0,0,0,0,0,0,0,0,0,0,0,0,0,0,0
rutlejo01,2016,1,BOS,AL,28,49,9,13,6,0,0,3,2,0,6,19,0,0,1,0,3
ryanbr01,2016,1,LAA,AL,17,13,1,1,0,0,0,0,0,0,0,7,0,0,1,0,0
ryanky01,2016,1,DET,AL,56,0,0,0,0,0,0,0,0,0,0,0,0,0,0,0,0
ryuhy01,2016,1,LAN,NL,1,1,0,0,0,0,0,0,0,0,0,0,0,0,0,0,0
rzepcma01,2016,1,OAK,AL,56,0,0,0,0,0,0,0,0,0,0,0,0,0,0,0,0
rzepcma01,2016,2,WAS,NL,14,0,0,0,0,0,0,0,0,0,0,0,0,0,0,0,0
sabatcc01,2016,1,NYA,AL,30,1,0,0,0,0,0,0,0,0,0,0,0,0,1,0,1
saladty01,2016,1,CHA,AL,93,298,33,84,14,0,8,38,11,5,13,62,0,3,2,3,11
salasfe01,2016,1,LAA,AL,58,0,0,0,0,0,0,0,0,0,0,0,0,0,0,0,0
salasfe01,2016,2,NYN,NL,17,0,0,0,0,0,0,0,0,0,0,0,0,0,0,0,0
salazda01,2016,1,CLE,AL,25,5,1,0,0,0,0,0,0,0,0,3,0,0,0,0,0
salech01,2016,1,CHA,AL,32,6,0,1,0,0,0,0,0,0,0,2,0,0,0,0,0
saltaja01,2016,1,DET,AL,92,246,30,42,5,1,12,38,0,0,41,104,1,0,0,5,1
samarje01,2016,1,SFN,NL,34,64,4,10,5,0,0,9,0,0,1,28,0,0,2,2,3
sampsad01,2016,1,SEA,AL,2,0,0,0,0,0,0,0,0,0,0,0,0,0,0,0,0
sampske01,2016,1,CIN,NL,18,7,0,0,0,0,0,0,0,0,0,6,0,0,0,0,0
sanchaa01,2016,1,TOR,AL,30,9,0,0,0,0,0,0,0,0,1,5,0,0,0,0,0
sanchan01,2016,1,DET,AL,35,6,0,0,0,0,0,0,0,0,0,3,0,0,0,0,0
sanchca01,2016,1,CHA,AL,53,154,15,32,9,1,4,21,0,1,5,42,0,1,2,1,1
sanchga02,2016,1,NYA,AL,53,201,34,60,12,0,20,42,1,0,24,57,2,2,0,2,5
sanchhe01,2016,1,CHA,AL,2,7,0,1,0,0,0,1,0,0,1,2,0,0,0,0,0
sanchhe01,2016,2,SDN,NL,26,42,3,12,1,0,3,7,0,0,3,8,0,1,0,0,0
sandopa01,2016,1,BOS,AL,3,6,0,0,0,0,0,0,0,0,1,4,0,0,0,0,0
sandsje01,2016,1,CHA,AL,24,55,2,13,0,0,1,7,0,0,3,24,0,0,0,0,3
sanomi01,2016,1,MIN,AL,116,437,57,103,22,1,25,66,1,0,54,178,1,1,0,3,8
santaca01,2016,1,CLE,AL,158,582,89,151,31,3,34,87,5,2,99,99,0,2,0,5,18
santada01,2016,1,MIN,AL,75,233,29,56,10,2,2,14,12,9,12,55,0,1,1,1,1
santado01,2016,1,MIL,NL,77,246,34,63,14,0,11,32,2,3,32,91,0,2,0,1,7
santaer01,2016,1,MIN,AL,30,5,0,0,0,0,0,0,0,0,0,3,0,0,1,0,0
santihe01,2016,1,LAA,AL,22,3,0,1,0,0,0,0,0,0,0,1,0,0,0,0,0
santihe01,2016,2,MIN,AL,11,0,0,0,0,0,0,0,0,0,0,0,0,0,0,0,0
sardilu01,2016,1,SEA,AL,32,72,12,13,0,0,2,5,1,1,1,25,0,1,3,0,3
sardilu01,2016,2,SDN,NL,34,108,13,31,6,1,2,13,3,1,11,23,3,0,1,0,0
saundmi01,2016,1,TOR,AL,140,490,70,124,32,3,24,57,1,2,59,157,2,5,1,3,14
saupowa01,2016,1,DET,AL,6,0,0,0,0,0,0,0,0,0,0,0,0,0,0,0,0
scahiro01,2016,1,PIT,NL,15,2,0,0,0,0,0,0,0,0,0,1,0,0,0,0,0
scahiro01,2016,2,MIL,NL,16,0,0,0,0,0,0,0,0,0,0,0,0,0,0,0,0
schaflo01,2016,1,MIN,AL,26,63,8,15,3,1,0,1,0,0,8,16,0,2,1,0,0
schebsc01,2016,1,CIN,NL,82,257,36,68,12,2,9,40,2,4,19,59,2,6,0,0,5
schepta01,2016,1,TEX,AL,10,0,0,0,0,0,0,0,0,0,0,0,0,0,0,0,0
scherma01,2016,1,WAS,NL,34,70,4,13,1,0,0,12,0,0,2,30,0,0,13,0,1
schimry01,2016,1,SDN,NL,89,276,48,60,17,5,20,51,1,1,42,105,3,9,0,3,3
schoojo01,2016,1,BAL,AL,162,615,82,164,38,1,25,82,1,2,21,137,0,8,0,3,16
schugaj01,2016,1,PIT,NL,36,2,0,0,0,0,0,0,0,0,0,1,0,0,1,0,0
schulbo02,2016,1,TOR,AL,16,0,0,0,0,0,0,0,0,0,0,0,0,0,0,0,0
schuspa01,2016,1,OAK,AL,5,0,0,0,0,0,0,0,0,0,0,0,0,0,0,0,0
schuspa01,2016,2,PHI,NL,6,0,0,0,0,0,0,0,0,0,0,0,0,0,0,0,0
schwaky01,2016,1,CHN,NL,2,4,0,0,0,0,0,0,0,0,1,2,0,0,0,0,0
scottro02,2016,1,BOS,AL,7,0,0,0,0,0,0,0,0,0,0,0,0,0,0,0,0
scribev01,2016,1,SEA,AL,12,0,0,0,0,0,0,0,0,0,0,0,0,0,0,0,0
scrugxa01,2016,1,MIA,NL,24,62,1,13,3,0,1,5,0,0,5,20,0,2,0,0,1
seageco01,2016,1,LAN,NL,157,627,105,193,40,5,26,72,3,3,54,133,5,4,0,2,12
seageky01,2016,1,SEA,AL,158,597,89,166,36,3,30,99,3,1,69,108,10,8,0,2,18
segedro01,2016,1,LAN,NL,40,73,9,17,2,1,2,12,0,0,6,22,0,2,0,2,1
segurje01,2016,1,ARI,NL,153,637,102,203,41,7,20,64,33,10,39,101,1,12,4,2,6
selskst01,2016,1,CIN,NL,24,51,9,16,2,0,2,7,1,0,2,22,0,0,1,0,1
semiema01,2016,1,OAK,AL,159,568,72,135,27,2,27,75,10,2,51,139,1,0,1,1,12
severlu01,2016,1,NYA,AL,22,0,0,0,0,0,0,0,0,0,0,0,0,0,0,0,0
severpe01,2016,1,WAS,NL,16,28,6,9,2,0,2,4,0,0,5,3,0,1,0,0,0
shaffri01,2016,1,TBA,AL,20,48,5,12,6,0,1,4,0,1,5,18,0,0,0,1,0
shawbr01,2016,1,CLE,AL,75,0,0,0,0,0,0,0,0,0,0,0,0,0,0,0,0
shawtr01,2016,1,BOS,AL,145,480,63,116,34,2,16,71,5,1,43,133,4,3,0,4,10
shielja02,2016,1,SDN,NL,11,17,1,3,0,0,0,0,0,0,0,11,0,0,2,0,0
shielja02,2016,2,CHA,AL,22,4,0,1,0,0,0,0,0,0,0,1,0,0,0,0,0
shiplbr01,2016,1,ARI,NL,14,26,2,3,1,0,0,2,1,0,0,10,0,0,1,0,0
shoemma01,2016,1,LAA,AL,27,2,0,0,0,0,0,0,0,0,0,1,0,0,0,0,0
shrevch01,2016,1,NYA,AL,37,0,0,0,0,0,0,0,0,0,0,0,0,0,0,0,0
shuckja01,2016,1,CHA,AL,81,224,27,46,5,2,4,14,3,3,12,21,0,1,3,1,5
siegrke01,2016,1,SLN,NL,67,0,0,0,0,0,0,0,0,0,0,0,0,0,0,0,0
simmoan01,2016,1,LAA,AL,124,448,48,126,22,2,4,44,10,1,28,38,0,2,1,4,16
simmosh01,2016,1,ATL,NL,7,0,0,0,0,0,0,0,0,0,0,0,0,0,0,0,0
simonal01,2016,1,CIN,NL,15,14,0,1,0,0,0,1,0,0,1,7,0,1,3,0,1
sippto01,2016,1,HOU,AL,60,0,0,0,0,0,0,0,0,0,0,0,0,0,0,0,0
skaggty01,2016,1,LAA,AL,10,0,0,0,0,0,0,0,0,0,0,0,0,0,0,0,0
smithbl01,2016,1,CHA,AL,5,0,0,0,0,0,0,0,0,0,0,0,0,0,0,0,0
smithca02,2016,1,BOS,AL,3,0,0,0,0,0,0,0,0,0,0,0,0,0,0,0,0
smithch07,2016,1,OAK,AL,13,0,0,0,0,0,0,0,0,0,0,0,0,0,0,0,0
smithja06,2016,1,SDN,NL,4,0,0,0,0,0,0,0,0,0,0,0,0,0,0,0,0
smithjo05,2016,1,LAA,AL,38,0,0,0,0,0,0,0,0,0,0,0,0,0,0,0,0
smithjo05,2016,2,CHN,NL,16,0,0,0,0,0,0,0,0,0,0,0,0,0,0,0,0
smithjo07,2016,1,CIN,NL,33,11,0,2,1,0,0,0,0,0,0,4,0,0,0,0,0
smithke04,2016,1,CHA,AL,7,16,2,2,0,0,0,0,0,0,0,6,0,0,0,0,1
smithma05,2016,1,ATL,NL,72,189,28,45,7,4,3,22,16,8,20,48,0,2,3,1,3
smithse01,2016,1,SEA,AL,137,378,62,94,15,0,16,63,0,0,48,89,1,8,0,4,11
smithwi04,2016,1,MIL,NL,27,0,0,0,0,0,0,0,0,0,0,0,0,0,0,0,0
smithwi04,2016,2,SFN,NL,26,0,0,0,0,0,0,0,0,0,0,0,0,0,0,0,0
smoakju01,2016,1,TOR,AL,126,299,33,65,10,0,14,34,1,0,40,112,1,2,0,0,7
smokejo01,2016,1,NYN,NL,20,1,0,0,0,0,0,0,0,0,0,1,0,0,0,0,0
smolija01,2016,1,OAK,AL,99,290,28,69,6,2,7,27,1,2,19,44,0,7,1,2,11
smylydr01,2016,1,TBA,AL,30,2,0,0,0,0,0,0,0,0,0,0,0,0,0,0,0
snellbl01,2016,1,TBA,AL,19,2,0,0,0,0,0,0,0,0,1,1,0,0,0,0,0
snydebr03,2016,1,ATL,NL,37,46,8,11,5,1,4,9,0,0,1,16,0,0,0,0,1
socolmi01,2016,1,SLN,NL,15,0,0,0,0,0,0,0,0,0,0,0,0,0,0,0,0
solando01,2016,1,NYA,AL,9,22,5,5,2,0,1,2,0,0,1,3,0,0,0,0,0
solarya01,2016,1,SDN,NL,109,405,55,116,26,1,15,71,1,1,30,63,1,5,0,3,7
solerjo01,2016,1,CHN,NL,86,227,37,54,9,0,12,31,0,0,31,66,0,3,0,3,5
solissa01,2016,1,WAS,NL,37,3,0,0,0,0,0,0,0,0,0,1,0,0,0,0,0
somsela01,2016,1,CIN,NL,2,0,0,0,0,0,0,0,0,0,0,0,0,0,0,0,0
soriajo01,2016,1,KCA,AL,70,0,0,0,0,0,0,0,0,0,0,0,0,0,0,0,0
sotoge01,2016,1,LAA,AL,26,78,11,21,5,0,4,9,0,0,6,21,0,0,2,0,1
souzast01,2016,1,TBA,AL,120,430,58,106,17,1,17,49,7,6,31,159,0,5,0,2,5
spande01,2016,1,SFN,NL,143,572,70,152,23,5,11,53,12,7,53,79,2,4,6,2,8
spangco01,2016,1,SDN,NL,14,48,6,11,1,1,1,8,1,0,4,13,0,1,0,0,0
springe01,2016,1,HOU,AL,162,644,116,168,29,5,29,82,9,10,88,178,2,11,0,1,12
stallja01,2016,1,PIT,NL,5,15,0,6,1,0,0,2,1,0,0,4,0,0,0,0,0
stantmi03,2016,1,MIA,NL,119,413,56,99,20,1,27,74,0,0,50,140,5,4,0,2,6
stassma01,2016,1,HOU,AL,9,13,1,1,0,0,0,0,0,0,0,5,0,0,0,0,0
stephro01,2016,1,CIN,NL,8,10,0,0,0,0,0,0,0,0,0,5,0,0,3,0,1
stewabr01,2016,1,LAN,NL,7,10,0,1,0,0,0,0,0,0,0,7,0,0,0,0,0
stewach01,2016,1,PIT,NL,34,98,10,21,4,0,1,7,0,0,12,15,2,3,0,0,2
storedr01,2016,1,TOR,AL,38,0,0,0,0,0,0,0,0,0,0,0,0,0,0,0,0
storedr01,2016,2,SEA,AL,19,0,0,0,0,0,0,0,0,0,0,0,0,0,0,0,0
storytr01,2016,1,COL,NL,97,372,67,101,21,4,27,72,8,5,35,130,2,5,2,1,5
strahma01,2016,1,KCA,AL,21,0,0,0,0,0,0,0,0,0,0,0,0,0,0,0,0
straida01,2016,1,CIN,NL,34,52,2,1,0,0,0,1,0,0,2,40,0,0,11,0,0
strasst01,2016,1,WAS,NL,24,48,3,10,1,0,0,2,0,0,2,11,0,0,7,0,2
stratch01,2016,1,SFN,NL,7,1,0,0,0,0,0,0,0,0,0,0,0,0,0,0,1
streehu01,2016,1,LAA,AL,26,0,0,0,0,0,0,0,0,0,0,0,0,0,0,0,0
strichu01,2016,1,SFN,NL,72,0,0,0,0,0,0,0,0,0,0,0,0,0,0,0,0
stripro01,2016,1,LAN,NL,22,24,2,2,0,0,0,1,0,0,2,12,0,0,1,0,0
stromma01,2016,1,TOR,AL,32,5,1,0,0,0,0,0,0,0,0,0,0,0,1,0,0
stroppe01,2016,1,CHN,NL,55,1,0,0,0,0,0,0,0,0,0,0,0,0,0,0,0
stubbdr01,2016,1,ATL,NL,20,38,6,9,0,0,1,3,4,0,4,20,0,0,0,0,1
stubbdr01,2016,2,TEX,AL,19,20,6,6,0,0,2,3,4,0,4,7,0,0,0,1,0
stubbdr01,2016,3,BAL,AL,20,22,1,3,0,0,0,1,1,1,4,11,0,1,0,0,0
stumpda01,2016,1,PHI,NL,7,0,0,0,0,0,0,0,0,0,0,0,0,0,0,0,0
sturdty01,2016,1,TBA,AL,16,0,0,0,0,0,0,0,0,0,0,0,0,0,0,0,0
suareal01,2016,1,SFN,NL,22,21,1,4,2,0,0,2,0,0,0,11,0,0,3,0,0
suareeu01,2016,1,CIN,NL,159,565,78,140,25,2,21,70,11,5,51,155,0,8,0,3,10
sucreje01,2016,1,SEA,AL,9,25,4,12,2,0,1,5,0,0,2,5,0,2,0,0,1
surkaer01,2016,1,OAK,AL,9,0,0,0,0,0,0,0,0,0,0,0,0,0,0,0,0
susacan01,2016,1,MIL,NL,9,17,3,4,1,0,1,2,0,0,2,5,0,0,0,0,0
suterbr01,2016,1,MIL,NL,14,2,0,0,0,0,0,0,0,0,0,1,0,0,0,0,0
suzukic01,2016,1,MIA,NL,143,327,48,95,15,5,1,22,10,2,30,42,1,3,3,2,4
suzukku01,2016,1,MIN,AL,106,345,34,89,24,1,8,49,0,0,18,48,0,5,1,4,9
swansda01,2016,1,ATL,NL,38,129,20,39,7,1,3,17,3,0,13,34,5,0,1,2,2
swarzan01,2016,1,NYA,AL,26,0,0,0,0,0,0,0,0,0,0,0,0,0,0,0,0
swihabl01,2016,1,BOS,AL,19,62,9,16,0,3,0,5,0,1,11,17,0,0,0,1,0
syndeno01,2016,1,NYN,NL,31,58,6,11,3,0,3,6,0,0,7,34,0,0,2,0,1
szczuma01,2016,1,CHN,NL,107,185,30,48,9,1,5,24,2,4,13,39,2,1,1,0,2
taillja01,2016,1,PIT,NL,18,32,0,3,0,0,0,2,0,0,0,17,0,0,4,0,2
tanakma01,2016,1,NYA,AL,31,2,0,0,0,0,0,0,0,0,0,2,0,0,0,0,0
tapiara01,2016,1,COL,NL,22,38,4,10,0,0,0,3,3,0,2,11,0,0,0,1,0
tayloch03,2016,1,SEA,AL,2,3,0,1,0,0,0,0,0,0,0,2,0,0,0,0,0
tayloch03,2016,2,LAN,NL,34,58,8,12,2,2,1,7,0,0,4,13,1,0,0,0,3
taylomi02,2016,1,WAS,NL,76,221,28,51,11,0,7,16,14,3,14,77,0,1,0,1,2
tazawju01,2016,1,BOS,AL,53,0,0,0,0,0,0,0,0,0,0,0,0,0,0,0,0
teherju01,2016,1,ATL,NL,31,49,1,10,1,0,0,2,0,0,1,16,0,0,11,0,1
teixema01,2016,1,NYA,AL,116,387,43,79,16,0,15,44,2,0,47,105,1,2,0,2,7
tejadru01,2016,1,SLN,NL,23,34,6,6,2,0,0,3,0,0,2,8,0,1,0,3,1
tejadru01,2016,2,SFN,NL,13,32,3,5,3,0,0,2,0,0,5,5,0,0,1,0,0
telisto01,2016,1,MIA,NL,10,13,1,4,0,0,1,4,0,0,0,2,0,0,0,0,0
teperry01,2016,1,TOR,AL,20,0,0,0,0,0,0,0,0,0,0,0,0,0,0,0,0
tepesni01,2016,1,LAN,NL,1,1,0,0,0,0,0,0,0,0,0,1,0,0,0,0,0
tholejo01,2016,1,TOR,AL,50,118,7,20,3,0,1,7,0,0,13,28,0,1,2,2,4
thompja03,2016,1,PHI,NL,10,14,0,2,1,0,0,0,0,0,0,5,0,0,3,0,1
thomptr01,2016,1,LAN,NL,80,236,31,53,11,0,13,32,5,1,26,66,0,0,0,0,3
thornma01,2016,1,SDN,NL,18,0,0,0,0,0,0,0,0,0,0,0,0,0,0,0,0
thornty01,2016,1,MIL,NL,67,0,0,0,0,0,0,0,0,0,0,0,0,0,0,0,0
tillmch01,2016,1,BAL,AL,30,2,0,0,0,0,0,0,0,0,0,2,0,0,1,0,0
tilsoch01,2016,1,CHA,AL,1,2,0,1,0,0,0,0,0,0,0,0,0,0,0,0,0
tolesan01,2016,1,LAN,NL,48,105,19,33,9,1,3,16,1,1,8,25,2,1,0,1,1
tollesh01,2016,1,TEX,AL,37,1,0,0,0,0,0,0,0,0,0,1,0,0,0,0,0
tollias01,2016,1,BAL,AL,5,0,0,0,0,0,0,0,0,0,0,0,0,0,0,0,0
tomasya01,2016,1,ARI,NL,140,530,72,144,30,1,31,83,2,4,31,136,4,1,0,1,18
tomlijo01,2016,1,CLE,AL,30,5,1,2,1,0,0,0,0,0,0,2,0,0,1,0,0
tomlike01,2016,1,SFN,NL,52,106,13,31,4,0,0,6,5,1,12,18,1,1,1,0,1
tonkimi01,2016,1,MIN,AL,65,2,0,0,0,0,0,0,0,0,0,1,0,0,0,0,0
torreca01,2016,1,MIL,NL,72,0,0,0,0,0,0,0,0,0,0,0,0,0,0,0,0
torrejo02,2016,1,SDN,NL,4,0,0,0,0,0,0,0,0,0,0,0,0,0,0,0,0
torrero01,2016,1,NYA,AL,72,155,20,40,7,4,1,12,2,1,10,20,0,1,1,1,4
travide01,2016,1,TOR,AL,101,410,54,123,28,1,11,50,4,1,20,87,0,0,1,1,6
treinbl01,2016,1,WAS,NL,73,0,0,0,0,0,0,0,0,0,0,0,0,0,0,0,0
triggan01,2016,1,OAK,AL,24,2,0,0,0,0,0,0,0,0,0,2,0,0,0,0,0
tropeni01,2016,1,LAA,AL,13,2,0,0,0,0,0,0,0,0,0,1,0,0,0,0,0
troutmi01,2016,1,LAA,AL,159,549,123,173,32,5,29,100,30,7,116,137,12,11,0,5,5
trumbma01,2016,1,BAL,AL,159,613,94,157,27,1,47,108,2,0,51,170,1,3,0,0,14
tsaoch01,2016,1,LAN,NL,2,0,0,0,0,0,0,0,0,0,0,0,0,0,0,0,0
tuckepr01,2016,1,HOU,AL,48,134,11,22,8,1,4,8,0,0,8,40,0,2,0,0,2
tuiasma01,2016,1,ATL,NL,3,3,0,0,0,0,0,0,0,0,0,1,0,0,0,0,0
tuivasa01,2016,1,SLN,NL,12,0,0,0,0,0,0,0,0,0,0,0,0,0,0,0,0
tulowtr01,2016,1,TOR,AL,131,492,54,125,21,0,24,79,1,0,43,101,1,5,0,4,14
turneja01,2016,1,CHA,AL,18,0,0,0,0,0,0,0,0,0,0,0,0,0,0,0,0
turneju01,2016,1,LAN,NL,151,556,79,153,34,3,27,90,4,1,48,107,1,10,0,8,16
turnetr01,2016,1,WAS,NL,73,307,53,105,14,8,13,40,33,6,14,59,0,1,0,2,1
ueharko01,2016,1,BOS,AL,50,0,0,0,0,0,0,0,0,0,0,0,0,0,0,0,0
uptonbj01,2016,1,SDN,NL,92,344,46,88,11,2,16,45,20,5,23,106,1,2,1,3,5
uptonbj01,2016,2,TOR,AL,57,148,18,29,4,1,4,16,7,3,14,49,0,0,0,3,1
uptonju01,2016,1,DET,AL,153,570,81,140,28,2,31,87,9,4,50,179,3,4,0,2,15
urenajo01,2016,1,MIA,NL,29,17,1,3,0,0,0,0,0,0,1,11,0,0,4,0,0
uriasju01,2016,1,LAN,NL,18,22,0,3,0,0,0,2,0,0,0,9,0,0,4,0,1
uribeju01,2016,1,CLE,AL,73,238,19,49,9,0,7,25,0,0,15,49,1,3,0,3,6
utleych01,2016,1,LAN,NL,138,512,79,129,26,3,14,52,2,2,40,115,1,11,1,1,0
valaipa01,2016,1,COL,NL,13,19,3,5,1,0,1,2,0,0,0,8,0,0,0,0,0
valbulu01,2016,1,HOU,AL,90,292,38,76,17,1,13,40,1,1,44,81,2,1,3,2,5
valdejo03,2016,1,LAA,AL,25,0,0,0,0,0,0,0,0,0,0,0,0,0,0,0,0
valenda01,2016,1,OAK,AL,130,471,72,135,22,1,17,51,1,1,41,115,1,3,0,2,11
vanslsc01,2016,1,LAN,NL,52,102,10,23,6,0,1,7,1,2,5,24,1,5,0,1,3
vargace01,2016,1,SDN,NL,7,8,0,0,0,0,0,0,0,0,0,5,0,0,1,0,0
vargaja01,2016,1,KCA,AL,3,0,0,0,0,0,0,0,0,0,0,0,0,0,0,0,0
vargake01,2016,1,MIN,AL,47,152,27,35,11,0,10,20,0,0,24,57,1,0,0,1,2
vazquch01,2016,1,BOS,AL,57,172,21,39,9,1,1,12,0,0,10,39,1,2,0,0,3
velasvi01,2016,1,PHI,NL,24,40,4,8,1,0,0,0,0,0,1,16,0,0,3,0,1
venabwi01,2016,1,LAN,NL,12,18,2,1,1,0,0,0,0,0,0,5,0,1,0,0,0
vendipa01,2016,1,TOR,AL,8,0,0,0,0,0,0,0,0,0,0,0,0,0,0,0,0
vendipa01,2016,2,SEA,AL,7,0,0,0,0,0,0,0,0,0,0,0,0,0,0,0,0
ventuyo01,2016,1,KCA,AL,32,3,0,1,0,0,0,0,0,0,0,2,0,0,0,0,0
verhadr01,2016,1,DET,AL,19,0,0,0,0,0,0,0,0,0,0,0,0,0,0,0,0
verlaju01,2016,1,DET,AL,34,5,1,1,0,0,0,0,0,0,0,2,0,0,0,0,0
verrelo01,2016,1,NYN,NL,35,19,1,1,1,0,0,0,0,0,0,12,0,0,3,0,0
villaca01,2016,1,SDN,NL,51,4,0,0,0,0,0,0,0,0,0,4,0,0,1,0,0
villajo01,2016,1,MIL,NL,156,589,92,168,38,3,19,63,62,18,79,174,4,2,5,4,7
vinceni01,2016,1,SEA,AL,60,0,0,0,0,0,0,0,0,0,0,0,0,0,0,0,0
vizcaar01,2016,1,ATL,NL,43,0,0,0,0,0,0,0,0,0,0,0,0,0,0,0,0
vogelda01,2016,1,SEA,AL,8,12,0,1,0,0,0,0,0,0,1,6,0,0,0,0,0
vogelry01,2016,1,PIT,NL,24,19,1,1,0,0,0,1,0,0,1,13,0,1,2,0,0
vogtst01,2016,1,OAK,AL,137,490,54,123,30,2,14,56,0,0,35,83,3,4,0,3,6
volqued01,2016,1,KCA,AL,34,5,0,0,0,0,0,0,0,0,0,3,0,0,0,0,0
vottojo01,2016,1,CIN,NL,158,556,101,181,34,2,29,97,8,1,108,120,15,5,0,8,16
wachami01,2016,1,SLN,NL,27,39,1,1,0,0,0,0,0,0,3,22,0,0,3,0,1
wagnety01,2016,1,ARI,NL,3,2,0,0,0,0,0,0,0,0,0,1,0,0,0,0,0
wainwad01,2016,1,SLN,NL,34,62,6,13,7,1,2,18,0,0,2,17,0,0,5,0,1
waldrky02,2016,1,CIN,NL,15,22,1,5,1,0,0,1,0,1,1,5,0,0,0,0,0
walkene01,2016,1,NYN,NL,113,412,57,116,9,1,23,55,3,1,42,84,3,1,0,3,11
walketa01,2016,1,SEA,AL,25,0,0,0,0,0,0,0,0,0,0,0,0,0,0,0,0
wallabr01,2016,1,SDN,NL,119,217,19,41,10,0,6,20,0,0,29,83,3,9,0,1,2
walshco02,2016,1,MIL,NL,38,47,4,4,1,0,0,2,0,0,15,22,0,1,0,0,1
walteza01,2016,1,LAN,NL,3,5,0,0,0,0,0,0,0,0,0,2,0,0,0,0,0
wangch01,2016,1,KCA,AL,38,0,0,0,0,0,0,0,0,0,0,0,0,0,0,0,0
warread01,2016,1,CHN,NL,29,3,0,0,0,0,0,0,0,0,0,3,0,0,1,0,0
warread01,2016,2,NYA,AL,29,0,0,0,0,0,0,0,0,0,0,0,0,0,0,0,0
watsoto01,2016,1,PIT,NL,70,0,0,0,0,0,0,0,0,0,0,0,0,0,1,0,0
weaveje02,2016,1,LAA,AL,31,9,0,0,0,0,0,0,0,0,0,4,0,0,0,0,0
weavelu01,2016,1,SLN,NL,9,13,1,5,0,0,0,0,0,0,0,4,0,0,0,0,0
webbda01,2016,1,CHA,AL,1,0,0,0,0,0,0,0,0,0,0,0,0,0,0,0,0
webbry01,2016,1,TBA,AL,18,0,0,0,0,0,0,0,0,0,0,0,0,0,0,0,0
weberry01,2016,1,ATL,NL,16,6,0,0,0,0,0,0,0,0,0,3,0,0,0,0,0
weeksje01,2016,1,SDN,NL,17,50,5,7,1,1,0,2,1,0,3,14,0,1,3,0,1
weeksri01,2016,1,ARI,NL,108,180,29,43,9,1,9,27,5,0,20,54,0,4,0,1,8
wendejb01,2016,1,OAK,AL,8,0,0,0,0,0,0,0,0,0,0,0,0,0,0,0,0
wendljo01,2016,1,OAK,AL,28,96,11,25,1,0,1,11,2,0,6,16,0,0,0,2,3
werthja01,2016,1,WAS,NL,143,525,84,128,28,0,21,69,5,1,71,139,0,4,0,6,17
whalero01,2016,1,ATL,NL,6,10,0,2,0,0,0,0,0,0,0,3,0,0,1,0,0
whitety01,2016,1,HOU,AL,86,249,24,54,16,0,8,28,1,0,23,65,1,2,0,2,6
whitlch01,2016,1,TBA,AL,5,0,0,0,0,0,0,0,0,0,0,0,0,0,0,0,0
wielajo01,2016,1,SEA,AL,1,0,0,0,0,0,0,0,0,0,0,0,0,0,0,0,0
wietema01,2016,1,BAL,AL,124,423,48,103,17,1,17,66,1,0,32,85,1,5,1,3,10
wilheto01,2016,1,TEX,AL,21,0,0,0,0,0,0,0,0,0,0,0,0,0,0,0,0
wilheto01,2016,2,SEA,AL,29,0,0,0,0,0,0,0,0,0,0,0,0,0,0,0,0
wilkian01,2016,1,MIL,NL,26,24,3,3,1,0,1,3,1,0,3,10,0,0,0,0,1
willije02,2016,1,SLN,NL,11,2,0,0,0,0,0,0,0,0,0,1,0,0,0,0,0
willima07,2016,1,NYA,AL,12,27,4,8,1,0,0,2,0,0,1,12,0,0,1,0,0
willima08,2016,1,SFN,NL,54,112,14,25,3,0,6,15,0,1,13,35,0,2,0,0,4
willitr01,2016,1,PIT,NL,7,1,1,0,0,0,0,1,0,0,2,1,0,0,0,0,0
wilsoal01,2016,1,DET,AL,62,0,0,0,0,0,0,0,0,0,0,0,0,0,0,0,0
wilsobo02,2016,1,DET,AL,5,13,0,2,0,0,0,2,0,0,1,3,0,0,0,1,1
wilsobo02,2016,2,TEX,AL,42,128,11,32,4,0,3,22,0,0,5,33,0,1,4,3,2
wilsobo02,2016,3,TBA,AL,28,87,14,20,2,0,4,9,0,0,5,28,0,0,3,0,3
wilsoju10,2016,1,DET,AL,66,0,0,0,0,0,0,0,0,0,0,0,0,0,0,0,0
wilsoty01,2016,1,BAL,AL,24,0,0,0,0,0,0,0,0,0,0,0,0,0,0,0,0
wimmeal01,2016,1,MIN,AL,16,0,0,0,0,0,0,0,0,0,0,0,0,0,0,0,0
winklda01,2016,1,ATL,NL,3,0,0,0,0,0,0,0,0,0,0,0,0,0,0,0,0
wislema01,2016,1,ATL,NL,29,46,2,7,0,0,0,2,0,0,1,21,0,0,5,1,2
withrch01,2016,1,ATL,NL,46,0,0,0,0,0,0,0,0,0,0,0,0,0,0,0,0
wittgni01,2016,1,MIA,NL,48,0,0,0,0,0,0,0,0,0,0,0,0,0,0,0,0
wolteto01,2016,1,COL,NL,71,205,27,53,15,2,3,30,4,1,21,53,2,0,4,0,1
wongko01,2016,1,SLN,NL,121,313,39,75,7,7,5,23,7,0,34,52,2,9,0,5,3
woodal02,2016,1,LAN,NL,15,16,2,4,0,0,0,2,0,0,1,9,0,0,2,0,0
woodbl01,2016,1,CIN,NL,70,2,0,0,0,0,0,0,0,0,0,2,0,0,0,0,0
woodtr01,2016,1,CHN,NL,81,11,0,2,0,0,0,1,0,0,1,5,0,0,0,0,0
worleva01,2016,1,BAL,AL,35,0,0,0,0,0,0,0,0,0,0,0,0,0,0,0,0
worthda01,2016,1,HOU,AL,16,39,4,7,2,0,0,1,0,0,1,6,0,0,0,0,1
wrighda03,2016,1,NYN,NL,37,137,18,31,8,0,7,14,3,2,26,55,0,0,0,0,0
wrighda04,2016,1,CIN,NL,4,5,0,0,0,0,0,0,0,0,0,2,0,0,1,0,0
wrighda04,2016,2,LAA,AL,5,0,0,0,0,0,0,0,0,0,0,0,0,0,0,0,0
wrighmi01,2016,1,BAL,AL,18,0,0,0,0,0,0,0,0,0,0,0,0,0,0,0,0
wrighst01,2016,1,BOS,AL,25,4,0,0,0,0,0,0,0,0,0,3,0,0,0,0,0
yateski01,2016,1,NYA,AL,41,0,0,0,0,0,0,0,0,0,0,0,0,0,0,0,0
yelicch01,2016,1,MIA,NL,155,578,78,172,38,3,21,98,9,4,72,138,4,4,0,5,20
ynoaga01,2016,1,NYN,NL,10,3,0,0,0,0,0,0,0,0,0,0,0,0,0,0,0
ynoami01,2016,1,CHA,AL,23,0,0,0,0,0,0,0,0,0,0,0,0,0,0,0,0
ynoara01,2016,1,COL,NL,3,5,0,0,0,0,0,0,0,0,0,2,0,0,0,0,0
youngch03,2016,1,KCA,AL,34,1,0,0,0,0,0,0,0,0,0,0,0,0,0,0,0
youngch04,2016,1,BOS,AL,76,203,29,56,18,0,9,24,4,2,21,50,0,3,0,0,4
younger03,2016,1,NYA,AL,6,1,2,0,0,0,0,0,1,0,0,0,0,0,0,0,0
youngma03,2016,1,ATL,NL,8,0,0,0,0,0,0,0,0,0,0,0,0,0,0,0,0
zastrro01,2016,1,CHN,NL,8,3,0,0,0,0,0,0,0,0,0,2,0,0,0,0,0
zieglbr01,2016,1,ARI,NL,36,0,0,0,0,0,0,0,0,0,0,0,0,0,0,0,0
zieglbr01,2016,2,BOS,AL,33,0,0,0,0,0,0,0,0,0,0,0,0,0,0,0,0
zimmejo02,2016,1,DET,AL,19,4,0,1,0,0,0,0,0,0,0,2,0,0,1,0,0
zimmery01,2016,1,WAS,NL,115,427,60,93,18,1,15,46,4,1,29,104,1,5,0,6,12
zobribe01,2016,1,CHN,NL,147,523,94,142,31,3,18,76,6,4,96,82,6,4,4,4,17
zuninmi01,2016,1,SEA,AL,55,164,16,34,7,0,12,31,0,0,21,65,0,6,0,1,0
zychto01,2016,1,SEA,AL,12,0,0,0,0,0,0,0,0,0,0,0,0,0,0,0,0
